OBJECTID,Place,Geo_Src,e_Families_Total,m_Families_Total,e_Family_Income_under_10000,m_Family_Income_under_10000,e_Family_Income_10000_14999,m_Family_Income_10000_14999,e_Family_Income_15000_24999,m_Family_Income_15000_24999,e_Family_Income_25000_34999,e_Family_Income_35000_49999,m_Family_Income_35000_49999,e_Family_Income_50000_74999,m_Family_Income_50000_74999,e_Family_Income_75000_99999,m_Family_Income_75000_99999,e_Family_Income_100000_149999,m_Family_Income_100000_149999,e_Family_Income_150000_199999,m_Family_Income_150000_199999,e_Family_Income_200000_Plus,m_Family_Income_200000_Plus,e_Family_Median_Income,m_Family_Median_Income,e_Family_Mean_Income,m_Family_Mean_Income,Start_Year,End_Year,PlaceID,IsActive,ShapeSTArea,ShapeSTLength
2,Aleutians East Borough,C,204,123,8,8,2,4,25,18,21,19,17,55,32,28,23,22,20,18,14,3,4,61429,9122,70893,8828,2007,2011,{A09E0C50-C6BB-40A4-BE7F-FDEBE561CD5C},1,38891722579.2331,2438360.57745712
3,Aleutians West Census Area,C,733,164,28,16,0,78,53,28,36,20,41,160,51,123,47,177,50,73,37,23,16,77560,11704,90050,7224,2007,2011,{62DAD683-3FFC-4453-9FD2-D2EE794E9231},1,36561517862.9866,4244792.20961762
4,Municipality of Anchorage,C,70070,1194,1580,256,1345,319,2999,371,4317,573,536,12031,624,11637,696,15700,708,7564,533,6208,498,87708,1548,106841,2588,2007,2011,{41989645-CCA3-466B-9817-909C7EBD3FF1},1,5036452000.21851,332958.609701962
5,Bethel Census Area,C,3272,187,150,29,172,49,270,49,406,78,66,657,102,358,85,440,98,243,95,116,52,56554,3229,72360,4342,2007,2011,{5F365A90-E7FE-4110-A895-042798D82840},1,117988475900.113,2984212.60852793
6,Bristol Bay Borough,C,304,48,10,9,0,78,0,78,7,6,24,62,20,43,17,97,32,32,17,14,12,93542,14786,97463,7145,2007,2011,{CBAA2CFE-4E76-4196-AD94-319FF272CF9A},1,2199367108.55454,235540.528978003
7,Denali Borough,C,389,86,0,78,0,78,19,24,20,22,34,72,44,81,39,102,52,26,26,17,20,87750,18701,91933,13599,2007,2011,{E39576F3-5473-4050-AD4E-430B55770A08},1,32806264014.1186,927457.146498535
8,Dillingham Census Area,C,911,81,31,17,39,25,74,26,82,28,34,157,33,116,34,148,40,69,28,53,27,62760,8359,82169,6825,2007,2011,{B7761367-B709-408C-BD0F-D9C9E2C5943F},1,53426374332.4492,1406516.68485113
9,Fairbanks North Star Borough,C,24344,715,683,189,311,138,1062,224,1942,371,341,5022,436,4382,539,5556,511,1883,325,1070,217,79015,3545,92463,4303,2007,2011,{B5ACCECA-F853-4F79-AD96-1CCA33463183},1,19256412630.5718,801783.202963282
10,Haines Borough,C,742,121,0,78,15,22,26,25,24,27,78,195,91,147,75,81,55,20,24,43,48,67206,12490,80678,14865,2007,2011,{EE7CEC95-7451-4BA9-B25F-B1C7F2362518},1,7075332690.58836,645229.176273554
11,Hoonah-Angoon Census Area,C,605,71,38,18,16,12,52,23,70,29,33,99,35,88,31,95,31,37,25,16,14,55972,11313,72489,9752,2007,2011,{967B027B-54A6-488D-841D-F748CE107A1A},1,24787862113.0964,1353722.09230902
12,City and Borough of Juneau,C,8024,323,153,81,88,49,318,103,256,117,198,1495,248,1383,185,2178,251,870,178,543,123,91454,4157,108837,6248,2007,2011,{E5B6208B-DD7F-4DBA-951C-0C5D616E79BF},1,8438043446.71028,435949.114371522
13,Kenai Peninsula Borough,C,14673,519,361,98,247,95,1128,186,1261,202,221,3139,266,2156,250,3261,298,1047,153,586,110,73196,1918,87126,2886,2007,2011,{3D00FF95-7311-402B-9DD4-1CE3321F245E},1,63845264503.143,1224719.69335961
14,Ketchikan Gateway Borough,C,3392,249,83,51,49,40,119,63,269,102,141,567,131,659,142,853,180,225,76,104,59,81815,5855,86816,5431,2007,2011,{E60C34A3-5913-4148-9A40-D84C112C6316},1,18122296476.9068,835256.329066964
15,Kodiak Island Borough,C,3158,262,100,53,106,62,160,83,285,106,149,595,148,509,154,640,178,180,90,151,59,68289,10393,80804,5964,2007,2011,{2A6D400C-A4AB-4D07-92B6-DA9584C8C852},1,61328964414.1859,1431876.82062005
16,Lake and Peninsula Borough,C,412,54,15,11,20,12,43,20,44,16,22,84,24,73,32,66,26,11,9,8,8,55179,6178,65726,6735,2007,2011,{08965FEC-CECD-4B69-9010-FEC9535D56A9},1,87593153578.0484,2085174.23519527
17,Matanuska-Susitna Borough,C,22192,550,739,185,344,93,1108,189,1450,239,234,4569,393,4114,351,5082,323,1666,229,1116,189,79597,2403,90652,2289,2007,2011,{851E4746-8FE8-4393-9369-E3F9F1633855},1,65442455342.9498,1152441.35617227
18,Nome Census Area,C,1896,180,90,23,94,28,263,57,259,64,66,358,89,173,61,224,74,171,73,49,46,51144,5140,67066,5182,2007,2011,{6825185D-29C7-42DB-A603-4F37EDDF219C},1,73271378308.1419,2529156.77401628
19,North Slope Borough,C,1394,134,53,42,31,16,78,39,91,33,44,233,68,203,47,341,97,178,71,62,40,84394,5610,92239,6331,2007,2011,{2DA35656-FC1D-4370-A191-64BB54EB5787},1,245603205022.871,2714752.49693448
20,Northwest Arctic Borough,C,1384,96,59,25,52,18,114,33,168,38,39,267,52,163,36,205,48,106,40,18,15,55778,3922,68845,5016,2007,2011,{351F5989-A7A7-4518-A5E4-E67316B8C2DD},1,105204753466.904,1827331.6633474
21,Petersburg Census Area,C,900,115,9,9,50,43,33,34,43,19,54,88,50,194,71,272,83,67,43,30,33,86538,10133,89865,9315,2007,2011,{7737E8B0-0AD4-44D1-B699-FF5E01E8AE3B},0,14721654030.5631,649337.008243324
22,Prince of Wales-Hyder Census Area,C,1501,102,60,31,85,43,105,38,190,44,60,248,66,224,57,217,42,58,28,41,18,52404,4572,66842,4464,2007,2011,{7ED5387A-A8FC-42E5-B364-246EE5926A4D},1,27882580569.3064,1168519.29220612
23,City and Borough of Sitka,C,2527,228,33,33,56,62,83,58,242,136,112,552,163,438,146,603,153,123,60,120,63,75693,8953,87083,6465,2007,2011,{99E9981F-255D-4678-9D2E-704DC07798D6},1,12471153036.8745,539563.243430759
24,Municipality of Skagway,C,275,60,0,78,0,78,2,4,9,10,24,83,35,56,33,48,26,6,7,44,30,88125,26067,102320,18759,2007,2011,{F040B0E7-B5F6-47BE-82E0-63A3AC90CEC9},1,1174974941.05158,149806.420500932
25,Southeast Fairbanks Census Area,C,1747,189,19,20,46,36,176,67,205,60,69,433,117,257,80,268,87,120,44,19,18,61689,8652,73242,4869,2007,2011,{9E47F9E2-5A8D-4DD2-96DE-4A9F52F35A57},1,65061972884.548,1607110.74003867
26,Valdez-Cordova Census Area,C,2524,266,43,17,47,26,164,81,184,91,98,423,139,392,117,695,160,280,111,55,46,87373,8384,90348,7274,2007,2011,{47D3091E-8C06-4BC8-B4D6-CF0ECF3B0F54},0,104475762391.881,1865853.1751973
27,Kusilvak Census Area,C,1387,69,88,25,72,24,214,36,225,36,44,262,39,135,30,62,21,41,17,5,5,40067,3142,48782,2482,2007,2011,{EF9C5E4E-265E-4453-B87F-401952925FE6},1,50915567007.751,1157893.23325017
28,City and Borough of Wrangell,C,610,66,12,14,28,36,21,22,90,58,65,107,47,86,52,123,51,32,29,7,9,54773,19885,71160,9100,2007,2011,{587C69F7-2A28-4CEE-BA2C-1A7F7DCCBED1},1,8990113440.93259,521863.833264774
29,City and Borough of Yakutat,C,181,40,0,78,0,78,10,10,20,16,17,29,18,32,17,38,21,30,15,2,5,81250,17656,91383,15298,2007,2011,{BF799AFC-92DA-47A3-89EF-4BB1B31FDE2B},1,55135560820.8944,1045167.77255898
30,Yukon-Koyukuk Census Area,C,1197,78,74,26,88,23,163,31,119,33,33,237,41,150,34,159,33,40,16,9,9,49417,4731,57707,3014,2007,2011,{1F2FC561-C032-423A-85B7-32591979EA75},1,382983657874.603,3976004.07820487
387,Aleutians East Borough,C,239,121,7,8,0,10,25,18,20,15,19,58,31,32,19,32,23,26,18,8,7,62083,9019,78826,8927,2008,2012,{A09E0C50-C6BB-40A4-BE7F-FDEBE561CD5C},1,38891722579.2331,2438360.57745712
388,Aleutians West Census Area,C,579,77,16,10,1,2,31,14,37,18,25,101,31,111,30,108,32,83,22,31,15,82639,10808,95938,6860,2008,2012,{62DAD683-3FFC-4453-9FD2-D2EE794E9231},1,36561517862.9866,4244792.20961762
389,Municipality of Anchorage,C,69461,1058,1544,272,1088,243,2940,367,4232,445,521,11563,692,11986,713,15342,882,7967,589,6283,439,89083,1887,108669,2929,2008,2012,{41989645-CCA3-466B-9817-909C7EBD3FF1},1,5036452000.21851,332958.609701962
390,Bethel Census Area,C,3194,176,138,40,166,38,269,54,354,66,85,599,99,385,85,327,82,261,93,145,63,54824,4368,73960,4878,2008,2012,{5F365A90-E7FE-4110-A895-042798D82840},1,117988475900.113,2984212.60852793
391,Bristol Bay Borough,C,258,59,9,8,1,3,1,3,5,5,16,53,23,50,20,78,27,25,13,11,11,92500,10097,99652,10178,2008,2012,{CBAA2CFE-4E76-4196-AD94-319FF272CF9A},1,2199367108.55454,235540.528978003
392,Denali Borough,C,405,74,0,10,0,10,20,23,21,21,30,53,23,74,34,106,47,36,29,36,30,90375,16393,101546,14116,2008,2012,{E39576F3-5473-4050-AD4E-430B55770A08},1,32806264014.1186,927457.146498535
393,Dillingham Census Area,C,901,79,21,15,19,12,78,22,96,28,32,137,29,112,31,145,37,62,23,63,28,60987,8447,82335,6856,2008,2012,{B7761367-B709-408C-BD0F-D9C9E2C5943F},1,53426374332.4492,1406516.68485113
394,Fairbanks North Star Borough,C,23968,775,655,172,309,143,1195,263,1787,323,345,4526,438,4246,475,5491,577,2159,295,1200,226,82225,3948,95328,4106,2008,2012,{B5ACCECA-F853-4F79-AD96-1CCA33463183},1,19256412630.5718,801783.202963282
395,Haines Borough,C,718,72,0,10,13,17,9,9,32,30,90,142,66,118,70,112,65,18,17,40,49,63519,10409,79166,16065,2008,2012,{EE7CEC95-7451-4BA9-B25F-B1C7F2362518},1,7075332690.58836,645229.176273554
396,Hoonah-Angoon Census Area,C,607,49,33,23,11,10,39,19,88,30,26,125,38,70,23,104,30,37,20,27,18,57361,11372,75589,9391,2008,2012,{967B027B-54A6-488D-841D-F748CE107A1A},1,24787862113.0964,1353722.09230902
397,City and Borough of Juneau,C,7955,347,153,80,105,61,317,103,274,106,180,1495,210,1511,266,1957,261,887,169,654,130,92002,4077,110154,6306,2008,2012,{E5B6208B-DD7F-4DBA-951C-0C5D616E79BF},1,8438043446.71028,435949.114371522
398,Kenai Peninsula Borough,C,14326,406,343,106,201,83,1012,170,1246,206,214,3068,293,2182,218,2996,249,1059,169,693,111,73180,2074,88857,3156,2008,2012,{3D00FF95-7311-402B-9DD4-1CE3321F245E},1,63845264503.143,1224719.69335961
399,Ketchikan Gateway Borough,C,3308,239,73,41,62,42,138,52,273,99,106,536,128,638,132,926,148,210,84,109,53,84464,3435,88027,4998,2008,2012,{E60C34A3-5913-4148-9A40-D84C112C6316},1,18122296476.9068,835256.329066964
400,Kodiak Island Borough,C,3266,253,90,49,97,61,147,71,204,74,154,586,153,592,146,769,167,133,55,160,75,77500,9994,84297,5585,2008,2012,{2A6D400C-A4AB-4D07-92B6-DA9584C8C852},1,61328964414.1859,1431876.82062005
401,Lake and Peninsula Borough,C,403,69,13,11,32,19,36,17,48,19,19,70,23,80,27,59,25,16,10,8,6,54917,8502,67495,6100,2008,2012,{08965FEC-CECD-4B69-9010-FEC9535D56A9},1,87593153578.0484,2085174.23519527
402,Matanuska-Susitna Borough,C,22477,443,721,177,414,129,1128,174,1393,238,227,4500,378,3941,352,5438,375,1790,240,1223,174,80865,2508,92335,2471,2008,2012,{851E4746-8FE8-4393-9369-E3F9F1633855},1,65442455342.9498,1152441.35617227
403,Nome Census Area,C,1966,135,112,28,76,24,278,56,242,48,65,328,68,207,60,236,64,171,57,32,32,48393,9233,66076,4758,2008,2012,{6825185D-29C7-42DB-A603-4F37EDDF219C},1,73271378308.1419,2529156.77401628
404,North Slope Borough,C,1368,105,41,36,34,20,102,51,88,34,39,218,79,218,58,321,85,150,64,78,55,82097,8598,92490,9236,2008,2012,{2DA35656-FC1D-4370-A191-64BB54EB5787},1,245603205022.871,2714752.49693448
405,Northwest Arctic Borough,C,1441,81,53,21,55,19,101,32,166,40,46,291,50,158,38,224,50,112,31,49,22,58207,4990,73717,3770,2008,2012,{351F5989-A7A7-4518-A5E4-E67316B8C2DD},1,105204753466.904,1827331.6633474
406,Petersburg Census Area,C,991,125,8,7,56,49,47,24,30,16,64,119,51,184,76,211,68,134,48,43,39,79932,12123,90910,8910,2008,2012,{7737E8B0-0AD4-44D1-B699-FF5E01E8AE3B},0,14721654030.5631,649337.008243324
407,Prince of Wales-Hyder Census Area,C,1442,79,60,30,66,32,93,32,170,48,53,231,59,258,58,199,44,79,36,44,19,56000,5270,70630,4519,2008,2012,{7ED5387A-A8FC-42E5-B364-246EE5926A4D},1,27882580569.3064,1168519.29220612
408,City and Borough of Sitka,C,2392,185,30,32,69,58,22,23,222,88,109,494,115,462,127,534,104,131,60,90,48,75515,5381,85743,5528,2008,2012,{99E9981F-255D-4678-9D2E-704DC07798D6},1,12471153036.8745,539563.243430759
409,Municipality of Skagway,C,237,46,1,2,2,3,2,3,9,11,13,73,31,34,21,54,28,6,7,42,27,89219,23110,109778,18201,2008,2012,{F040B0E7-B5F6-47BE-82E0-63A3AC90CEC9},1,1174974941.05158,149806.420500932
410,Southeast Fairbanks Census Area,C,1715,147,40,25,59,34,156,61,116,52,70,417,102,245,80,246,71,136,42,53,40,66141,8356,76617,6234,2008,2012,{9E47F9E2-5A8D-4DD2-96DE-4A9F52F35A57},1,65061972884.548,1607110.74003867
411,Valdez-Cordova Census Area,C,2637,235,66,52,32,26,204,80,157,79,91,364,120,468,122,650,131,260,104,118,74,88389,8716,91857,7849,2008,2012,{47D3091E-8C06-4BC8-B4D6-CF0ECF3B0F54},0,104475762391.881,1865853.1751973
412,Kusilvak Census Area,C,1405,61,103,27,69,22,201,33,213,40,36,271,37,143,29,76,24,28,12,6,6,39970,2093,48556,2211,2008,2012,{EF9C5E4E-265E-4453-B87F-401952925FE6},1,50915567007.751,1157893.23325017
413,City and Borough of Wrangell,C,678,85,26,26,2,3,26,21,88,46,55,151,55,100,53,100,51,66,40,11,13,57130,17205,74991,8741,2008,2012,{587C69F7-2A28-4CEE-BA2C-1A7F7DCCBED1},1,8990113440.93259,521863.833264774
414,City and Borough of Yakutat,C,163,41,0,10,1,4,18,14,16,11,9,35,17,27,13,33,16,18,16,2,4,74464,10593,85666,12109,2008,2012,{BF799AFC-92DA-47A3-89EF-4BB1B31FDE2B},1,55135560820.8944,1045167.77255898
415,Yukon-Koyukuk Census Area,C,1217,79,77,21,83,25,154,40,143,28,33,224,39,154,35,160,32,44,16,10,11,47305,5726,58696,3545,2008,2012,{1F2FC561-C032-423A-85B7-32591979EA75},1,382983657874.603,3976004.07820487
772,Aleutians East Borough,C,279,104,6,6,7,6,23,13,23,17,15,73,32,35,15,41,20,32,18,12,7,67750,9127,81744,7386,2009,2013,{A09E0C50-C6BB-40A4-BE7F-FDEBE561CD5C},1,38891722579.2331,2438360.57745712
773,Aleutians West Census Area,C,623,94,21,10,2,3,34,17,36,15,20,107,30,112,24,117,27,86,25,49,21,87159,10733,99072,6934,2009,2013,{62DAD683-3FFC-4453-9FD2-D2EE794E9231},1,36561517862.9866,4244792.20961762
774,Municipality of Anchorage,C,69974,1060,1519,283,1015,261,3035,372,3861,397,499,11636,767,11994,739,15424,771,8166,638,6918,506,90466,1590,110096,2112,2009,2013,{41989645-CCA3-466B-9817-909C7EBD3FF1},1,5036452000.21851,332958.609701962
775,Bethel Census Area,C,3226,175,151,40,158,36,310,64,341,50,100,694,86,410,103,280,73,203,73,126,51,53224,4166,70049,5068,2009,2013,{5F365A90-E7FE-4110-A895-042798D82840},1,117988475900.113,2984212.60852793
776,Bristol Bay Borough,C,261,41,8,7,4,5,3,5,6,6,10,60,21,43,16,84,21,28,12,11,8,96458,15199,99748,8530,2009,2013,{CBAA2CFE-4E76-4196-AD94-319FF272CF9A},1,2199367108.55454,235540.528978003
777,Denali Borough,C,414,55,2,3,0,9,12,16,33,23,32,51,21,61,25,123,41,43,29,37,28,99091,12955,105670,13709,2009,2013,{E39576F3-5473-4050-AD4E-430B55770A08},1,32806264014.1186,927457.146498535
778,Dillingham Census Area,C,875,59,33,14,25,14,76,19,85,25,35,158,32,68,20,132,34,83,26,47,23,56089,4724,79353,6084,2009,2013,{B7761367-B709-408C-BD0F-D9C9E2C5943F},1,53426374332.4492,1406516.68485113
779,Fairbanks North Star Borough,C,22895,754,748,221,327,127,1102,292,1679,317,334,4259,499,3935,484,5429,558,2260,382,1233,245,82930,5040,96382,4857,2009,2013,{B5ACCECA-F853-4F79-AD96-1CCA33463183},1,19256412630.5718,801783.202963282
780,Haines Borough,C,673,83,1,2,17,24,19,17,39,38,82,119,55,140,76,140,60,20,22,1,4,68207,16259,71429,8149,2009,2013,{EE7CEC95-7451-4BA9-B25F-B1C7F2362518},1,7075332690.58836,645229.176273554
781,Hoonah-Angoon Census Area,C,578,50,32,20,17,13,32,14,75,25,23,117,33,75,23,100,30,37,21,24,15,60000,13912,77581,8460,2009,2013,{967B027B-54A6-488D-841D-F748CE107A1A},1,24787862113.0964,1353722.09230902
782,City and Borough of Juneau,C,8012,348,140,63,97,40,343,115,282,99,141,1308,207,1566,223,2146,277,879,155,682,178,95112,4246,111220,6848,2009,2013,{E5B6208B-DD7F-4DBA-951C-0C5D616E79BF},1,8438043446.71028,435949.114371522
783,Kenai Peninsula Borough,C,14479,458,289,70,252,62,828,137,1231,199,220,3054,260,2487,294,3021,331,1162,199,664,127,75689,2446,90449,2903,2009,2013,{3D00FF95-7311-402B-9DD4-1CE3321F245E},1,63845264503.143,1224719.69335961
784,Ketchikan Gateway Borough,C,3343,198,53,28,73,37,98,52,216,74,93,489,115,577,114,965,145,220,66,185,60,85638,3524,94234,4565,2009,2013,{E60C34A3-5913-4148-9A40-D84C112C6316},1,18122296476.9068,835256.329066964
785,Kodiak Island Borough,C,3403,238,81,46,104,78,219,101,185,63,158,595,125,596,162,738,168,186,87,149,74,73887,10183,84957,5353,2009,2013,{2A6D400C-A4AB-4D07-92B6-DA9584C8C852},1,61328964414.1859,1431876.82062005
786,Lake and Peninsula Borough,C,381,47,13,10,19,10,40,16,58,16,14,67,20,72,23,47,12,16,10,10,7,53828,3756,67149,5870,2009,2013,{08965FEC-CECD-4B69-9010-FEC9535D56A9},1,87593153578.0484,2085174.23519527
787,Matanuska-Susitna Borough,C,22437,493,711,192,477,122,1099,150,1283,203,206,4368,342,3974,326,5395,292,1950,229,1242,162,81821,1615,94064,2513,2009,2013,{851E4746-8FE8-4393-9369-E3F9F1633855},1,65442455342.9498,1152441.35617227
788,Nome Census Area,C,2077,106,126,25,81,26,254,48,286,59,54,296,62,220,54,246,54,184,55,59,34,47078,4313,68463,4391,2009,2013,{6825185D-29C7-42DB-A603-4F37EDDF219C},1,73271378308.1419,2529156.77401628
789,North Slope Borough,C,1432,120,29,19,35,25,92,46,92,35,32,241,50,202,66,381,85,131,52,95,55,82500,9200,93625,7272,2009,2013,{2DA35656-FC1D-4370-A191-64BB54EB5787},1,245603205022.871,2714752.49693448
790,Northwest Arctic Borough,C,1464,74,68,27,74,26,112,28,150,36,42,275,48,181,34,217,40,117,41,55,21,57866,3634,73225,4249,2009,2013,{351F5989-A7A7-4518-A5E4-E67316B8C2DD},1,105204753466.904,1827331.6633474
791,Petersburg Census Area,C,955,105,13,9,44,33,49,22,34,17,50,118,41,201,59,174,54,143,61,51,35,84861,9870,95277,9832,2009,2013,{7737E8B0-0AD4-44D1-B699-FF5E01E8AE3B},0,14721654030.5631,649337.008243324
792,Prince of Wales-Hyder Census Area,C,1436,89,84,35,58,34,112,33,181,50,48,239,54,214,49,217,44,56,23,40,19,53333,4463,68401,5000,2009,2013,{7ED5387A-A8FC-42E5-B364-246EE5926A4D},1,27882580569.3064,1168519.29220612
793,City and Borough of Sitka,C,2308,147,73,50,58,49,27,19,172,75,88,474,99,449,110,540,111,162,64,98,49,78000,5339,89969,5503,2009,2013,{99E9981F-255D-4678-9D2E-704DC07798D6},1,12471153036.8745,539563.243430759
794,Municipality of Skagway,C,228,43,1,3,1,2,3,4,9,9,11,78,23,38,19,37,20,6,5,39,23,77500,9642,108829,16914,2009,2013,{F040B0E7-B5F6-47BE-82E0-63A3AC90CEC9},1,1174974941.05158,149806.420500932
795,Southeast Fairbanks Census Area,C,1563,148,39,25,70,37,164,68,57,31,60,322,75,278,79,212,68,149,58,51,39,66369,10852,78154,6499,2009,2013,{9E47F9E2-5A8D-4DD2-96DE-4A9F52F35A57},1,65061972884.548,1607110.74003867
796,Valdez-Cordova Census Area,C,2571,229,60,51,23,15,224,71,163,77,110,373,113,421,129,606,122,276,108,134,69,88480,9185,94131,6287,2009,2013,{47D3091E-8C06-4BC8-B4D6-CF0ECF3B0F54},0,104475762391.881,1865853.1751973
797,Kusilvak Census Area,C,1451,61,105,33,78,20,205,38,217,31,36,265,31,147,24,95,22,30,13,10,8,40750,1913,49917,2302,2009,2013,{EF9C5E4E-265E-4453-B87F-401952925FE6},1,50915567007.751,1157893.23325017
798,City and Borough of Wrangell,C,646,70,28,21,6,5,52,32,69,46,57,156,53,71,38,76,36,67,35,16,16,55286,7123,73856,9226,2009,2013,{587C69F7-2A28-4CEE-BA2C-1A7F7DCCBED1},1,8990113440.93259,521863.833264774
799,City and Borough of Yakutat,C,161,32,5,5,3,3,13,9,9,6,7,36,17,34,13,32,14,12,9,9,9,80875,10364,86245,12012,2009,2013,{BF799AFC-92DA-47A3-89EF-4BB1B31FDE2B},1,55135560820.8944,1045167.77255898
800,Yukon-Koyukuk Census Area,C,1222,76,88,23,87,22,153,24,150,28,42,229,31,155,33,136,28,41,17,14,8,46875,2263,57561,3189,2009,2013,{1F2FC561-C032-423A-85B7-32591979EA75},1,382983657874.603,3976004.07820487
1157,Aleutians East Borough,C,348,105,11,10,15,9,31,15,35,16,22,80,33,45,17,54,25,27,13,9,7,63250,3966,73887,6878,2010,2014,{A09E0C50-C6BB-40A4-BE7F-FDEBE561CD5C},1,38891722579.2331,2438360.57745712
1158,Aleutians West Census Area,C,645,76,23,9,6,5,34,12,34,12,19,107,27,124,29,127,33,90,28,43,15,87417,7279,98760,6563,2010,2014,{62DAD683-3FFC-4453-9FD2-D2EE794E9231},1,36561517862.9866,4244792.20961762
1159,Municipality of Anchorage,C,70004,1069,1595,257,998,273,3048,437,3686,515,609,11936,816,11087,711,15656,779,8243,603,7314,541,91120,2045,110967,2027,2010,2014,{41989645-CCA3-466B-9817-909C7EBD3FF1},1,5036452000.21851,332958.609701962
1160,Bethel Census Area,C,3328,159,190,52,155,37,323,55,399,58,81,694,97,316,63,357,72,278,85,98,48,52270,3407,70060,4522,2010,2014,{5F365A90-E7FE-4110-A895-042798D82840},1,117988475900.113,2984212.60852793
1161,Bristol Bay Borough,C,260,37,9,7,3,3,6,8,5,5,12,62,17,44,16,73,18,34,14,11,8,92083,10084,99700,8546,2010,2014,{CBAA2CFE-4E76-4196-AD94-319FF272CF9A},1,2199367108.55454,235540.528978003
1162,Denali Borough,C,405,57,2,3,0,9,2,3,32,21,19,61,24,65,25,135,45,57,30,19,16,102552,7541,105804,9478,2010,2014,{E39576F3-5473-4050-AD4E-430B55770A08},1,32806264014.1186,927457.146498535
1163,Dillingham Census Area,C,914,60,43,17,20,14,75,16,91,24,32,179,37,85,23,139,29,79,24,42,20,57315,4104,78095,5902,2010,2014,{B7761367-B709-408C-BD0F-D9C9E2C5943F},1,53426374332.4492,1406516.68485113
1164,Fairbanks North Star Borough,C,23044,751,683,204,309,108,1143,269,1561,291,345,4272,582,3984,460,5209,488,2550,398,1262,289,82166,3044,97133,3463,2010,2014,{B5ACCECA-F853-4F79-AD96-1CCA33463183},1,19256412630.5718,801783.202963282
1165,Haines Borough,C,664,86,3,4,18,24,30,25,82,69,74,139,61,81,56,137,62,20,22,26,35,66250,17019,75402,11742,2010,2014,{EE7CEC95-7451-4BA9-B25F-B1C7F2362518},1,7075332690.58836,645229.176273554
1166,Hoonah-Angoon Census Area,C,557,47,26,16,19,11,40,18,56,17,24,98,29,71,24,80,23,52,23,34,20,59625,11308,81534,10299,2010,2014,{967B027B-54A6-488D-841D-F748CE107A1A},1,24787862113.0964,1353722.09230902
1167,City and Borough of Juneau,C,7890,316,139,71,99,49,249,80,300,110,117,1332,193,1527,205,2204,247,921,158,685,170,98408,3826,111507,5226,2010,2014,{E5B6208B-DD7F-4DBA-951C-0C5D616E79BF},1,8438043446.71028,435949.114371522
1168,Kenai Peninsula Borough,C,14112,442,347,92,234,68,760,127,1099,179,174,2915,312,2435,266,3071,297,1185,173,651,125,77352,2973,91692,3670,2010,2014,{3D00FF95-7311-402B-9DD4-1CE3321F245E},1,63845264503.143,1224719.69335961
1169,Ketchikan Gateway Borough,C,3211,160,48,25,62,32,105,42,185,56,95,550,88,548,89,787,108,290,71,185,44,84698,4241,95374,3562,2010,2014,{E60C34A3-5913-4148-9A40-D84C112C6316},1,18122296476.9068,835256.329066964
1170,Kodiak Island Borough,C,3492,208,78,38,113,59,180,70,201,76,128,663,130,567,147,835,156,251,93,151,70,79792,11238,90173,6898,2010,2014,{2A6D400C-A4AB-4D07-92B6-DA9584C8C852},1,61328964414.1859,1431876.82062005
1171,Lake and Peninsula Borough,C,365,40,13,7,20,11,32,11,47,19,15,81,25,57,21,49,22,8,13,6,6,54148,2372,65630,7462,2010,2014,{08965FEC-CECD-4B69-9010-FEC9535D56A9},1,87593153578.0484,2085174.23519527
1172,Matanuska-Susitna Borough,C,22285,403,703,168,449,90,1112,145,1259,171,229,4160,314,3881,323,5278,342,2101,221,1296,176,82369,2041,95284,2636,2010,2014,{851E4746-8FE8-4393-9369-E3F9F1633855},1,65442455342.9498,1152441.35617227
1173,Nome Census Area,C,2107,101,167,26,85,20,223,38,302,49,57,321,60,231,45,188,46,186,47,47,22,46387,2106,65945,2843,2010,2014,{6825185D-29C7-42DB-A603-4F37EDDF219C},1,73271378308.1419,2529156.77401628
1174,North Slope Borough,C,1509,120,35,22,37,24,104,50,99,38,50,245,49,209,59,394,80,128,53,99,47,83164,8716,93431,7327,2010,2014,{2DA35656-FC1D-4370-A191-64BB54EB5787},1,245603205022.871,2714752.49693448
1175,Northwest Arctic Borough,C,1483,93,89,23,75,23,103,23,135,25,31,267,36,196,53,252,38,121,35,55,18,60893,5874,75960,4502,2010,2014,{351F5989-A7A7-4518-A5E4-E67316B8C2DD},1,105204753466.904,1827331.6633474
1176,Petersburg Borough,C,835,82,18,10,23,21,42,18,35,19,37,140,37,118,36,144,34,150,51,52,31,84844,13897,100696,8818,2010,2014,{3D32B916-2AAC-4B36-A357-1CCB20E08A73},1,9913162997.02415,558167.913751891
1177,Prince of Wales-Hyder Census Area,C,1502,100,80,31,53,30,144,36,146,39,45,276,47,244,48,249,41,67,24,41,16,59643,4256,71738,3873,2010,2014,{7ED5387A-A8FC-42E5-B364-246EE5926A4D},1,27882580569.3064,1168519.29220612
1178,City and Borough of Sitka,C,2160,156,46,27,42,43,28,20,138,53,86,432,111,430,96,489,93,132,40,142,55,79743,4928,93035,5964,2010,2014,{99E9981F-255D-4678-9D2E-704DC07798D6},1,12471153036.8745,539563.243430759
1179,Municipality of Skagway,C,208,37,2,4,2,3,7,6,3,4,8,54,23,42,20,49,21,7,5,29,16,84375,19209,109686,14239,2010,2014,{F040B0E7-B5F6-47BE-82E0-63A3AC90CEC9},1,1174974941.05158,149806.420500932
1180,Southeast Fairbanks Census Area,C,1466,124,46,26,54,29,114,45,72,32,54,303,63,287,76,237,73,130,46,51,32,73511,5586,80057,5773,2010,2014,{9E47F9E2-5A8D-4DD2-96DE-4A9F52F35A57},1,65061972884.548,1607110.74003867
1181,Valdez-Cordova Census Area,C,2265,215,76,57,14,11,236,92,121,55,68,239,87,329,103,622,130,263,115,178,77,97801,8429,99775,8665,2010,2014,{47D3091E-8C06-4BC8-B4D6-CF0ECF3B0F54},0,104475762391.881,1865853.1751973
1182,Kusilvak Census Area,C,1435,56,125,28,67,15,195,28,191,33,39,265,33,141,27,119,22,18,8,13,8,42072,2385,50808,2120,2010,2014,{EF9C5E4E-265E-4453-B87F-401952925FE6},1,50915567007.751,1157893.23325017
1183,City and Borough of Wrangell,C,636,61,27,19,9,6,40,24,39,22,53,127,40,95,35,86,29,72,38,20,16,66071,11402,80967,9005,2010,2014,{587C69F7-2A28-4CEE-BA2C-1A7F7DCCBED1},1,8990113440.93259,521863.833264774
1184,City and Borough of Yakutat,C,160,28,4,4,1,3,15,7,13,9,6,31,14,32,12,28,15,16,10,6,7,76000,9291,85061,14247,2010,2014,{BF799AFC-92DA-47A3-89EF-4BB1B31FDE2B},1,55135560820.8944,1045167.77255898
1185,Yukon-Koyukuk Census Area,C,1262,59,84,16,71,19,163,27,148,29,37,239,30,144,29,154,24,48,14,15,9,48063,2408,59816,2405,2010,2014,{1F2FC561-C032-423A-85B7-32591979EA75},1,382983657874.603,3976004.07820487
1542,Aleutians East Borough,C,424,93,18,9,17,10,29,14,43,16,15,107,32,57,18,63,24,35,13,16,9,63913,2947,76170,4764,2011,2015,{A09E0C50-C6BB-40A4-BE7F-FDEBE561CD5C},1,38891722579.2331,2438360.57745712
1543,Aleutians West Census Area,C,688,69,23,9,9,8,22,7,38,13,22,102,19,137,21,145,22,86,22,60,15,89500,5428,101228,4993,2011,2015,{62DAD683-3FFC-4453-9FD2-D2EE794E9231},1,36561517862.9866,4244792.20961762
1544,Municipality of Anchorage,C,69652,1097,1606,334,854,184,3251,430,3447,479,532,11784,694,10642,747,16240,822,8261,664,7015,678,91622,2432,112028,3091,2011,2015,{41989645-CCA3-466B-9817-909C7EBD3FF1},1,5036452000.21851,332958.609701962
1545,Bethel Census Area,C,3361,153,198,52,165,35,356,47,404,56,95,631,86,355,68,400,75,245,65,46,33,49889,2509,64793,2608,2011,2015,{5F365A90-E7FE-4110-A895-042798D82840},1,117988475900.113,2984212.60852793
1546,Bristol Bay Borough,C,244,34,6,5,3,5,11,9,6,7,8,54,19,41,19,68,18,26,13,10,12,90000,11247,96723,11369,2011,2015,{CBAA2CFE-4E76-4196-AD94-319FF272CF9A},1,2199367108.55454,235540.528978003
1547,Denali Borough,C,405,48,9,11,0,9,2,3,23,14,21,57,23,97,30,119,40,44,23,20,15,97679,10690,101356,8899,2011,2015,{E39576F3-5473-4050-AD4E-430B55770A08},1,32806264014.1186,927457.146498535
1548,Dillingham Census Area,C,949,59,50,17,22,12,85,24,75,23,30,168,31,99,28,165,33,67,22,40,18,57434,4778,77213,5249,2011,2015,{B7761367-B709-408C-BD0F-D9C9E2C5943F},1,53426374332.4492,1406516.68485113
1549,Fairbanks North Star Borough,C,22810,711,624,190,285,111,990,230,1419,324,301,4578,444,3933,483,4752,489,2662,329,1468,269,82310,3307,99321,3704,2011,2015,{B5ACCECA-F853-4F79-AD96-1CCA33463183},1,19256412630.5718,801783.202963282
1550,Haines Borough,C,680,83,3,4,2,3,34,26,113,82,67,112,60,105,70,125,56,14,19,28,36,68750,24998,73977,11938,2011,2015,{EE7CEC95-7451-4BA9-B25F-B1C7F2362518},1,7075332690.58836,645229.176273554
1551,Hoonah-Angoon Census Area,C,553,47,11,8,23,11,39,14,52,17,21,89,26,102,27,76,20,58,24,23,14,67083,10348,80700,5840,2011,2015,{967B027B-54A6-488D-841D-F748CE107A1A},1,24787862113.0964,1353722.09230902
1552,City and Borough of Juneau,C,7985,374,122,62,118,55,200,89,274,91,121,1424,222,1414,200,2374,269,922,146,665,128,99526,4807,111240,4430,2011,2015,{E5B6208B-DD7F-4DBA-951C-0C5D616E79BF},1,8438043446.71028,435949.114371522
1553,Kenai Peninsula Borough,C,13746,517,358,80,248,85,810,144,1049,165,164,2805,306,2341,276,2933,245,1123,174,760,139,78668,3542,91684,3443,2011,2015,{3D00FF95-7311-402B-9DD4-1CE3321F245E},1,63845264503.143,1224719.69335961
1554,Ketchikan Gateway Borough,C,3257,151,69,32,67,35,135,40,179,43,76,559,69,538,97,753,117,305,57,215,58,82964,3903,96229,4612,2011,2015,{E60C34A3-5913-4148-9A40-D84C112C6316},1,18122296476.9068,835256.329066964
1555,Kodiak Island Borough,C,3432,209,65,46,142,77,181,73,218,84,132,585,137,581,139,816,168,271,107,156,73,80104,10700,90083,6902,2011,2015,{2A6D400C-A4AB-4D07-92B6-DA9584C8C852},1,61328964414.1859,1431876.82062005
1556,Kusilvak Census Area,C,1428,51,120,25,67,22,206,26,216,25,29,265,34,130,20,114,24,20,13,9,5,39375,2267,49555,3083,2011,2015,{EF9C5E4E-265E-4453-B87F-401952925FE6},1,50915567007.751,1157893.23325017
1557,Lake and Peninsula Borough,C,335,50,11,6,15,9,32,11,38,24,17,79,16,49,15,43,14,13,6,9,5,54728,3057,69392,7504,2011,2015,{08965FEC-CECD-4B69-9010-FEC9535D56A9},1,87593153578.0484,2085174.23519527
1558,Matanuska-Susitna Borough,C,22318,418,651,144,412,80,1075,138,1331,175,190,4115,357,4013,263,5211,302,2096,183,1331,164,83776,2243,95677,2441,2011,2015,{851E4746-8FE8-4393-9369-E3F9F1633855},1,65442455342.9498,1152441.35617227
1559,Nome Census Area,C,2198,69,172,31,88,21,212,28,332,48,45,325,39,294,48,248,50,118,30,76,25,48273,2190,65993,3031,2011,2015,{6825185D-29C7-42DB-A603-4F37EDDF219C},1,73271378308.1419,2529156.77401628
1560,North Slope Borough,C,1488,160,50,24,45,27,61,27,119,45,47,266,60,187,56,304,72,161,63,129,49,78906,9174,95401,7330,2011,2015,{2DA35656-FC1D-4370-A191-64BB54EB5787},1,245603205022.871,2714752.49693448
1561,Northwest Arctic Borough,C,1517,66,94,22,67,15,123,24,154,29,29,276,30,201,41,252,33,117,29,57,21,60739,3880,75524,3811,2011,2015,{351F5989-A7A7-4518-A5E4-E67316B8C2DD},1,105204753466.904,1827331.6633474
1562,Petersburg Borough,C,802,70,23,12,24,19,27,13,39,15,29,145,30,145,33,162,27,110,34,39,14,83750,10508,96805,6571,2011,2015,{3D32B916-2AAC-4B36-A357-1CCB20E08A73},1,9913162997.02415,558167.913751891
1563,Prince of Wales-Hyder Census Area,C,1431,78,58,22,27,11,149,37,158,38,32,266,44,206,34,269,36,70,26,39,13,62176,4966,74235,3263,2011,2015,{7ED5387A-A8FC-42E5-B364-246EE5926A4D},1,27882580569.3064,1168519.29220612
1564,City and Borough of Sitka,C,2079,151,44,27,8,7,35,17,113,40,62,480,111,361,86,545,97,188,54,112,39,86996,4852,97262,5347,2011,2015,{99E9981F-255D-4678-9D2E-704DC07798D6},1,12471153036.8745,539563.243430759
1565,Municipality of Skagway,C,200,32,3,5,2,3,7,7,8,6,8,56,16,43,16,47,19,10,7,11,9,80694,2766,93863,9767,2011,2015,{F040B0E7-B5F6-47BE-82E0-63A3AC90CEC9},1,1174974941.05158,149806.420500932
1566,Southeast Fairbanks Census Area,C,1460,107,54,28,47,23,99,43,90,47,38,329,65,332,67,201,54,119,48,58,33,73611,5237,79299,5072,2011,2015,{9E47F9E2-5A8D-4DD2-96DE-4A9F52F35A57},1,65061972884.548,1607110.74003867
1567,Valdez-Cordova Census Area,C,2092,236,78,55,5,5,233,108,92,48,90,272,89,279,83,512,115,202,91,235,109,90139,14806,101539,10226,2011,2015,{47D3091E-8C06-4BC8-B4D6-CF0ECF3B0F54},0,104475762391.881,1865853.1751973
1568,City and Borough of Wrangell,C,624,60,34,21,10,8,60,30,42,22,51,129,31,120,40,77,27,35,17,24,16,66964,9282,75231,6829,2011,2015,{587C69F7-2A28-4CEE-BA2C-1A7F7DCCBED1},1,8990113440.93259,521863.833264774
1569,City and Borough of Yakutat,C,158,39,3,4,2,3,14,7,15,7,8,24,10,35,14,35,15,13,11,3,3,78500,5949,82852,7940,2011,2015,{BF799AFC-92DA-47A3-89EF-4BB1B31FDE2B},1,55135560820.8944,1045167.77255898
1570,Yukon-Koyukuk Census Area,C,1246,51,88,23,67,18,153,23,155,28,29,228,27,150,25,155,26,49,13,19,10,48036,2777,60781,2644,2011,2015,{1F2FC561-C032-423A-85B7-32591979EA75},1,382983657874.603,3976004.07820487
1927,Aleutians East Borough,C,499,93,23,9,24,14,29,15,30,24,14,110,32,87,28,93,28,32,11,30,12,73661,6812,82876,5555,2012,2016,{A09E0C50-C6BB-40A4-BE7F-FDEBE561CD5C},1,38891722579.2331,2438360.57745712
1928,Aleutians West Census Area,C,697,87,15,6,11,7,22,9,38,10,15,112,23,141,27,156,25,77,24,63,18,91250,5062,101863,5134,2012,2016,{62DAD683-3FFC-4453-9FD2-D2EE794E9231},1,36561517862.9866,4244792.20961762
1929,Municipality of Anchorage,C,69876,1174,1504,289,889,217,3072,410,3302,479,589,11428,751,11042,847,16460,755,8404,671,7747,538,94369,1934,114809,2268,2012,2016,{41989645-CCA3-466B-9817-909C7EBD3FF1},1,5036452000.21851,332958.609701962
1930,Bethel Census Area,C,3401,149,213,44,173,34,384,59,331,58,69,704,85,400,75,392,91,235,60,71,35,53370,2848,65819,3320,2012,2016,{5F365A90-E7FE-4110-A895-042798D82840},1,117988475900.113,2984212.60852793
1931,Bristol Bay Borough,C,231,33,6,5,4,6,10,7,9,6,8,43,15,30,11,80,18,27,12,10,8,101875,19261,102750,9671,2012,2016,{CBAA2CFE-4E76-4196-AD94-319FF272CF9A},1,2199367108.55454,235540.528978003
1932,Denali Borough,C,390,49,8,9,0,9,2,3,18,14,18,44,21,80,25,117,28,62,27,29,18,101806,9896,110727,11608,2012,2016,{E39576F3-5473-4050-AD4E-430B55770A08},1,32806264014.1186,927457.146498535
1933,Dillingham Census Area,C,967,63,54,14,19,11,96,22,76,19,31,167,28,115,32,151,31,67,22,36,19,57039,4197,74902,4888,2012,2016,{B7761367-B709-408C-BD0F-D9C9E2C5943F},1,53426374332.4492,1406516.68485113
1934,Fairbanks North Star Borough,C,22273,837,470,170,308,130,702,192,1159,227,357,4067,454,3960,425,4903,537,2643,388,1796,334,88869,3167,104733,4130,2012,2016,{B5ACCECA-F853-4F79-AD96-1CCA33463183},1,19256412630.5718,801783.202963282
1935,Haines Borough,C,670,104,9,8,1,3,31,25,154,102,52,115,56,116,66,115,57,9,13,27,33,58750,29866,71827,12184,2012,2016,{EE7CEC95-7451-4BA9-B25F-B1C7F2362518},1,7075332690.58836,645229.176273554
1936,Hoonah-Angoon Census Area,C,540,48,9,6,12,9,54,22,37,16,20,110,27,90,23,87,25,60,26,8,8,66667,10357,79181,6341,2012,2016,{967B027B-54A6-488D-841D-F748CE107A1A},1,24787862113.0964,1353722.09230902
1937,City and Borough of Juneau,C,7973,336,178,86,112,59,148,71,224,77,148,1284,211,1399,200,2519,249,961,181,708,137,104831,5619,113239,4453,2012,2016,{E5B6208B-DD7F-4DBA-951C-0C5D616E79BF},1,8438043446.71028,435949.114371522
1938,Kenai Peninsula Borough,C,13701,480,414,115,217,82,670,124,940,177,205,2658,287,2339,252,3097,290,1231,231,795,169,82242,3975,92886,3152,2012,2016,{3D00FF95-7311-402B-9DD4-1CE3321F245E},1,63845264503.143,1224719.69335961
1939,Ketchikan Gateway Borough,C,3290,142,88,30,80,34,150,37,233,60,68,548,83,536,79,695,88,312,51,239,58,81136,3752,95510,4888,2012,2016,{E60C34A3-5913-4148-9A40-D84C112C6316},1,18122296476.9068,835256.329066964
1940,Kodiak Island Borough,C,3305,220,55,33,75,42,172,84,209,72,101,511,124,513,123,925,169,324,126,163,71,92639,6655,95888,6692,2012,2016,{2A6D400C-A4AB-4D07-92B6-DA9584C8C852},1,61328964414.1859,1431876.82062005
1941,Kusilvak Census Area,C,1458,65,131,19,83,18,212,29,223,26,42,259,23,128,28,101,16,29,12,9,7,38293,2330,48618,1894,2012,2016,{EF9C5E4E-265E-4453-B87F-401952925FE6},1,50915567007.751,1157893.23325017
1942,Lake and Peninsula Borough,C,322,43,16,11,16,8,43,11,36,11,27,63,19,46,12,35,17,8,7,5,5,46786,13197,63955,7125,2012,2016,{08965FEC-CECD-4B69-9010-FEC9535D56A9},1,87593153578.0484,2085174.23519527
1943,Matanuska-Susitna Borough,C,21899,328,532,93,398,74,1047,138,1290,162,191,3678,252,3820,258,5320,312,2291,198,1441,170,86831,2231,98590,2241,2012,2016,{851E4746-8FE8-4393-9369-E3F9F1633855},1,65442455342.9498,1152441.35617227
1944,Nome Census Area,C,2187,74,189,34,68,18,196,29,283,42,50,347,46,310,44,255,42,132,30,75,25,51138,2698,67913,3285,2012,2016,{6825185D-29C7-42DB-A603-4F37EDDF219C},1,73271378308.1419,2529156.77401628
1945,North Slope Borough,C,1515,129,63,28,49,29,97,37,128,52,51,257,52,176,45,290,71,179,54,133,48,77330,9848,94337,7416,2012,2016,{2DA35656-FC1D-4370-A191-64BB54EB5787},1,245603205022.871,2714752.49693448
1946,Northwest Arctic Borough,C,1492,61,99,24,62,19,135,29,161,30,34,244,45,176,32,251,36,118,27,57,17,57750,4568,74910,3619,2012,2016,{351F5989-A7A7-4518-A5E4-E67316B8C2DD},1,105204753466.904,1827331.6633474
1947,Petersburg Borough,C,775,78,25,13,10,7,46,23,41,17,22,176,41,103,24,161,32,107,36,41,11,79931,7760,96942,6676,2012,2016,{3D32B916-2AAC-4B36-A357-1CCB20E08A73},1,9913162997.02415,558167.913751891
1948,Prince of Wales-Hyder Census Area,C,1453,69,55,21,25,11,152,33,148,33,25,322,42,197,37,282,44,72,23,31,17,63073,4328,73348,3546,2012,2016,{7ED5387A-A8FC-42E5-B364-246EE5926A4D},1,27882580569.3064,1168519.29220612
1949,City and Borough of Sitka,C,2043,137,44,29,11,9,56,34,78,34,66,401,81,336,90,501,93,224,74,130,46,82301,9902,99030,5955,2012,2016,{99E9981F-255D-4678-9D2E-704DC07798D6},1,12471153036.8745,539563.243430759
1950,Municipality of Skagway,C,198,28,3,7,1,2,11,8,4,4,9,59,17,34,13,48,15,16,8,9,6,81250,8750,93541,7743,2012,2016,{F040B0E7-B5F6-47BE-82E0-63A3AC90CEC9},1,1174974941.05158,149806.420500932
1951,Southeast Fairbanks Census Area,C,1432,120,62,32,43,21,72,31,97,49,44,312,63,309,70,239,64,125,46,44,24,75147,6763,80548,5081,2012,2016,{9E47F9E2-5A8D-4DD2-96DE-4A9F52F35A57},1,65061972884.548,1607110.74003867
1952,Valdez-Cordova Census Area,C,1973,200,101,67,4,5,180,85,67,40,51,257,85,245,73,499,132,290,109,197,78,99926,14656,105446,9072,2012,2016,{47D3091E-8C06-4BC8-B4D6-CF0ECF3B0F54},0,104475762391.881,1865853.1751973
1953,City and Borough of Wrangell,C,652,52,35,24,7,6,70,25,45,19,39,141,39,103,33,102,33,42,20,17,13,62188,10431,73475,6846,2012,2016,{587C69F7-2A28-4CEE-BA2C-1A7F7DCCBED1},1,8990113440.93259,521863.833264774
1954,City and Borough of Yakutat,C,149,24,5,4,4,5,10,7,13,9,6,30,14,29,11,37,10,7,5,3,3,76875,8153,80144,6923,2012,2016,{BF799AFC-92DA-47A3-89EF-4BB1B31FDE2B},1,55135560820.8944,1045167.77255898
1955,Yukon-Koyukuk Census Area,C,1268,50,101,19,60,16,149,25,160,25,30,223,32,155,23,151,25,58,15,20,12,47750,2625,61198,2871,2012,2016,{1F2FC561-C032-423A-85B7-32591979EA75},1,382983657874.603,3976004.07820487
2312,Aleutians East Borough,C,517,94,23,11,28,13,44,20,49,15,14,88,23,88,22,96,28,30,13,35,12,73173,6924,81521,5228,2013,2017,{A09E0C50-C6BB-40A4-BE7F-FDEBE561CD5C},1,38891722579.2331,2438360.57745712
2313,Aleutians West Census Area,C,707,100,16,12,6,8,17,10,31,13,15,108,22,144,32,170,29,80,16,77,36,94306,6046,108702,7460,2013,2017,{62DAD683-3FFC-4453-9FD2-D2EE794E9231},1,36561517862.9866,4244792.20961762
2314,Municipality of Anchorage,C,70757,1109,1484,317,796,204,2900,449,3108,430,559,12013,752,10753,723,16542,962,8785,624,8312,540,94913,2012,117167,2653,2013,2017,{41989645-CCA3-466B-9817-909C7EBD3FF1},1,5036452000.21851,332958.609701962
2315,Bethel Census Area,C,3406,124,261,54,139,34,396,50,330,48,60,647,75,423,74,457,84,233,68,52,32,53614,2198,65864,3234,2013,2017,{5F365A90-E7FE-4110-A895-042798D82840},1,117988475900.113,2984212.60852793
2316,Bristol Bay Borough,C,233,37,6,5,5,6,9,7,15,9,9,44,13,28,13,69,18,27,11,12,10,96484,6081,100107,10263,2013,2017,{CBAA2CFE-4E76-4196-AD94-319FF272CF9A},1,2199367108.55454,235540.528978003
2317,Denali Borough,C,373,122,11,11,0,9,0,9,20,14,18,50,26,71,34,132,54,53,31,15,14,104044,12200,108270,10171,2013,2017,{E39576F3-5473-4050-AD4E-430B55770A08},1,32806264014.1186,927457.146498535
2318,Dillingham Census Area,C,1005,62,65,20,25,12,84,20,83,20,35,164,28,147,33,160,36,72,21,43,16,61198,5555,77719,4775,2013,2017,{B7761367-B709-408C-BD0F-D9C9E2C5943F},1,53426374332.4492,1406516.68485113
2319,Fairbanks North Star Borough,C,23329,873,432,189,281,125,724,197,1359,293,391,4107,443,4041,517,5207,527,3072,464,1931,331,90038,4139,106238,4329,2013,2017,{B5ACCECA-F853-4F79-AD96-1CCA33463183},1,19256412630.5718,801783.202963282
2320,Haines Borough,C,600,87,7,6,27,37,25,24,90,61,53,72,42,125,64,140,67,10,13,25,35,75000,25303,75361,14526,2013,2017,{EE7CEC95-7451-4BA9-B25F-B1C7F2362518},1,7075332690.58836,645229.176273554
2321,Hoonah-Angoon Census Area,C,541,52,9,7,16,11,53,28,39,13,19,99,25,87,23,97,26,62,26,11,8,70139,11026,80662,6902,2013,2017,{967B027B-54A6-488D-841D-F748CE107A1A},1,24787862113.0964,1353722.09230902
2322,City and Borough of Juneau,C,7879,333,164,76,84,47,121,65,154,67,111,1158,220,1213,220,2700,271,1015,162,857,184,110923,3065,119794,4897,2013,2017,{E5B6208B-DD7F-4DBA-951C-0C5D616E79BF},1,8438043446.71028,435949.114371522
2323,Kenai Peninsula Borough,C,13915,478,394,112,275,89,708,131,894,181,219,2503,333,2236,258,3225,312,1403,271,814,161,84458,3587,95917,3258,2013,2017,{3D00FF95-7311-402B-9DD4-1CE3321F245E},1,63845264503.143,1224719.69335961
2324,Ketchikan Gateway Borough,C,3410,134,108,38,69,26,160,48,233,56,70,636,89,519,74,687,95,364,68,281,59,82244,5419,98235,4951,2013,2017,{E60C34A3-5913-4148-9A40-D84C112C6316},1,18122296476.9068,835256.329066964
2325,Kodiak Island Borough,C,3175,191,85,57,86,54,137,68,254,89,78,581,134,425,104,886,183,343,117,181,85,92629,7214,98146,7675,2013,2017,{2A6D400C-A4AB-4D07-92B6-DA9584C8C852},1,61328964414.1859,1431876.82062005
2326,Kusilvak Census Area,C,1456,50,134,22,100,20,231,25,233,28,56,237,25,119,29,86,22,37,11,11,6,36230,1870,47374,2213,2013,2017,{EF9C5E4E-265E-4453-B87F-401952925FE6},1,50915567007.751,1157893.23325017
2327,Lake and Peninsula Borough,C,279,70,10,7,15,9,40,13,32,12,16,50,19,30,11,38,14,10,6,7,7,47750,5527,66504,9441,2013,2017,{08965FEC-CECD-4B69-9010-FEC9535D56A9},1,87593153578.0484,2085174.23519527
2328,Matanuska-Susitna Borough,C,21543,334,600,94,363,78,960,125,1135,123,187,3548,244,3636,252,5299,337,2422,186,1497,141,89308,2179,100587,1830,2013,2017,{851E4746-8FE8-4393-9369-E3F9F1633855},1,65442455342.9498,1152441.35617227
2329,Nome Census Area,C,2198,96,176,36,74,17,197,33,273,47,66,376,45,319,51,243,41,112,28,95,27,52347,2415,68595,2723,2013,2017,{6825185D-29C7-42DB-A603-4F37EDDF219C},1,73271378308.1419,2529156.77401628
2330,North Slope Borough,C,1591,148,44,27,47,30,77,33,125,40,48,250,50,197,48,304,89,195,64,158,54,79911,8852,99874,7989,2013,2017,{2DA35656-FC1D-4370-A191-64BB54EB5787},1,245603205022.871,2714752.49693448
2331,Northwest Arctic Borough,C,1414,81,113,27,57,19,128,30,131,31,28,224,38,168,33,205,45,126,37,72,28,58393,4840,76845,5244,2013,2017,{351F5989-A7A7-4518-A5E4-E67316B8C2DD},1,105204753466.904,1827331.6633474
2332,Petersburg Borough,C,811,67,26,18,10,7,44,20,43,21,30,195,47,96,30,171,29,97,33,42,21,75250,14581,97081,8426,2013,2017,{3D32B916-2AAC-4B36-A357-1CCB20E08A73},1,9913162997.02415,558167.913751891
2333,Prince of Wales-Hyder Census Area,C,1502,89,66,25,31,12,159,38,148,31,32,310,48,216,40,265,32,105,28,31,10,63688,4738,74281,3442,2013,2017,{7ED5387A-A8FC-42E5-B364-246EE5926A4D},1,27882580569.3064,1168519.29220612
2334,City and Borough of Sitka,C,2112,157,54,29,34,18,90,48,51,33,78,443,103,388,98,481,99,228,66,141,52,83889,9243,100123,6302,2013,2017,{99E9981F-255D-4678-9D2E-704DC07798D6},1,12471153036.8745,539563.243430759
2335,Municipality of Skagway,C,202,29,2,3,2,3,9,6,6,4,10,45,13,52,18,38,13,15,6,10,5,78750,8617,91937,8532,2013,2017,{F040B0E7-B5F6-47BE-82E0-63A3AC90CEC9},1,1174974941.05158,149806.420500932
2336,Southeast Fairbanks Census Area,C,1412,119,51,31,26,17,83,31,106,52,48,273,58,309,62,279,70,122,51,46,29,77841,5821,84056,5463,2013,2017,{9E47F9E2-5A8D-4DD2-96DE-4A9F52F35A57},1,65061972884.548,1607110.74003867
2337,Valdez-Cordova Census Area,C,1823,185,55,45,1,3,101,54,79,46,54,226,94,276,92,439,130,296,96,238,107,106599,8699,117962,11874,2013,2017,{47D3091E-8C06-4BC8-B4D6-CF0ECF3B0F54},0,104475762391.881,1865853.1751973
2338,City and Borough of Wrangell,C,699,44,26,17,21,18,68,30,54,26,34,135,37,119,30,148,42,37,23,12,9,67202,8593,75694,6648,2013,2017,{587C69F7-2A28-4CEE-BA2C-1A7F7DCCBED1},1,8990113440.93259,521863.833264774
2339,City and Borough of Yakutat,C,146,25,3,4,2,3,6,6,12,6,8,29,9,31,15,35,12,10,7,5,4,81250,10794,84608,8297,2013,2017,{BF799AFC-92DA-47A3-89EF-4BB1B31FDE2B},1,55135560820.8944,1045167.77255898
2340,Yukon-Koyukuk Census Area,C,1230,64,123,23,69,19,140,33,127,22,25,222,28,161,25,136,30,55,24,19,8,48382,3611,60250,4434,2013,2017,{1F2FC561-C032-423A-85B7-32591979EA75},1,382983657874.603,3976004.07820487
2696,Aleutians East Borough,C,538,88,23,11,18,11,42,20,54,20,13,78,21,98,29,115,35,34,16,35,13,77941,5675,86946,6115,2014,2018,{A09E0C50-C6BB-40A4-BE7F-FDEBE561CD5C},1,38891722579.2331,2438360.57745712
2697,Aleutians West Census Area,C,716,94,12,6,11,7,24,11,40,12,16,122,23,141,30,168,31,78,18,75,21,92917,3324,106360,6214,2014,2018,{62DAD683-3FFC-4453-9FD2-D2EE794E9231},1,36561517862.9866,4244792.20961762
2698,Municipality of Anchorage,C,70176,1180,1536,302,910,225,2938,416,3182,380,560,11676,848,10185,653,16063,845,9073,555,9000,580,97571,2326,119992,2244,2014,2018,{41989645-CCA3-466B-9817-909C7EBD3FF1},1,5036452000.21851,332958.609701962
2699,Bethel Census Area,C,3478,178,272,50,158,43,417,61,319,47,63,598,85,402,63,522,102,210,67,128,61,54153,3648,69086,3509,2014,2018,{5F365A90-E7FE-4110-A895-042798D82840},1,117988475900.113,2984212.60852793
2700,Bristol Bay Borough,C,209,31,3,4,2,3,9,6,12,8,8,33,13,32,13,59,14,24,12,16,8,98472,7294,105765,8991,2014,2018,{CBAA2CFE-4E76-4196-AD94-319FF272CF9A},1,2199367108.55454,235540.528978003
2701,Denali Borough,C,316,124,9,10,0,9,0,9,6,6,18,48,27,69,35,102,43,45,31,13,11,102500,15696,109236,10861,2014,2018,{E39576F3-5473-4050-AD4E-430B55770A08},1,32806264014.1186,927457.146498535
2702,Dillingham Census Area,C,1017,62,75,23,28,12,81,20,98,22,33,165,41,139,34,154,35,69,23,42,17,59519,6860,75929,5528,2014,2018,{B7761367-B709-408C-BD0F-D9C9E2C5943F},1,53426374332.4492,1406516.68485113
2703,Fairbanks North Star Borough,C,24057,888,466,155,396,186,580,203,1585,291,339,4423,562,4047,513,5250,493,2801,349,2163,344,88544,3861,107082,3875,2014,2018,{B5ACCECA-F853-4F79-AD96-1CCA33463183},1,19256412630.5718,801783.202963282
2704,Haines Borough,C,612,86,7,7,41,45,18,22,94,70,35,84,53,130,64,168,72,5,5,25,34,76719,19125,77663,13012,2014,2018,{EE7CEC95-7451-4BA9-B25F-B1C7F2362518},1,7075332690.58836,645229.176273554
2705,Hoonah-Angoon Census Area,C,517,58,6,7,6,6,50,15,41,18,15,106,32,102,32,83,25,51,19,15,10,72656,7499,83429,6649,2014,2018,{967B027B-54A6-488D-841D-F748CE107A1A},1,24787862113.0964,1353722.09230902
2706,City and Borough of Juneau,C,7610,345,152,68,91,49,133,68,142,51,112,1215,224,1261,208,2323,265,1059,201,891,156,111886,6728,119448,5048,2014,2018,{E5B6208B-DD7F-4DBA-951C-0C5D616E79BF},1,8438043446.71028,435949.114371522
2707,Kenai Peninsula Borough,C,13666,438,427,111,249,85,640,134,793,147,177,2369,273,2041,267,3386,320,1377,243,979,174,88111,4483,99421,3658,2014,2018,{3D00FF95-7311-402B-9DD4-1CE3321F245E},1,63845264503.143,1224719.69335961
2708,Ketchikan Gateway Borough,C,3397,131,103,45,54,24,169,54,216,53,60,643,89,453,77,792,104,387,64,257,53,85295,5664,100848,5408,2014,2018,{E60C34A3-5913-4148-9A40-D84C112C6316},1,18122296476.9068,835256.329066964
2709,Kodiak Island Borough,C,3000,206,95,59,109,88,118,56,193,84,57,565,125,470,112,879,135,244,96,158,64,93438,8832,95423,7267,2014,2018,{2A6D400C-A4AB-4D07-92B6-DA9584C8C852},1,61328964414.1859,1431876.82062005
2710,Kusilvak Census Area,C,1415,74,157,32,90,19,226,33,227,29,34,244,34,108,21,84,21,37,16,11,7,35354,2044,46771,2769,2014,2018,{EF9C5E4E-265E-4453-B87F-401952925FE6},1,50915567007.751,1157893.23325017
2711,Lake and Peninsula Borough,C,285,85,12,8,14,7,41,21,24,14,24,54,25,32,14,33,21,12,9,5,6,48984,4160,66199,8501,2014,2018,{08965FEC-CECD-4B69-9010-FEC9535D56A9},1,87593153578.0484,2085174.23519527
2712,Matanuska-Susitna Borough,C,21695,362,715,119,307,70,1005,136,1104,111,180,3476,236,3310,262,5447,268,2542,212,1722,184,91240,2121,103563,2262,2014,2018,{851E4746-8FE8-4393-9369-E3F9F1633855},1,65442455342.9498,1152441.35617227
2713,Nome Census Area,C,2175,91,165,30,65,17,173,41,271,45,35,421,50,308,47,258,48,148,38,80,26,56075,2871,72021,3889,2014,2018,{6825185D-29C7-42DB-A603-4F37EDDF219C},1,73271378308.1419,2529156.77401628
2714,North Slope Borough,C,1472,164,42,31,37,24,72,39,113,42,53,225,45,223,56,245,80,183,61,145,66,81979,10732,100415,10412,2014,2018,{2DA35656-FC1D-4370-A191-64BB54EB5787},1,245603205022.871,2714752.49693448
2715,Northwest Arctic Borough,C,1394,66,113,31,53,18,112,24,137,36,32,220,36,157,29,220,41,119,28,74,26,60583,4293,78849,4336,2014,2018,{351F5989-A7A7-4518-A5E4-E67316B8C2DD},1,105204753466.904,1827331.6633474
2716,Petersburg Borough,C,763,63,26,14,7,7,41,19,49,31,26,181,50,105,24,124,29,81,26,84,38,78482,13384,102650,10292,2014,2018,{3D32B916-2AAC-4B36-A357-1CCB20E08A73},1,9913162997.02415,558167.913751891
2717,Prince of Wales-Hyder Census Area,C,1515,75,54,22,26,15,140,31,154,29,34,312,51,249,51,257,44,121,38,39,14,67112,4273,76487,3609,2014,2018,{7ED5387A-A8FC-42E5-B364-246EE5926A4D},1,27882580569.3064,1168519.29220612
2718,City and Borough of Sitka,C,2129,132,26,17,25,19,100,52,94,47,60,420,94,380,72,494,91,249,85,164,58,89911,9688,109484,8451,2014,2018,{99E9981F-255D-4678-9D2E-704DC07798D6},1,12471153036.8745,539563.243430759
2719,Municipality of Skagway,C,201,28,1,3,3,3,7,6,6,4,8,47,12,43,15,51,15,15,7,9,7,84688,7067,95193,8699,2014,2018,{F040B0E7-B5F6-47BE-82E0-63A3AC90CEC9},1,1174974941.05158,149806.420500932
2720,Southeast Fairbanks Census Area,C,1476,119,38,25,37,26,57,24,107,46,42,301,74,299,84,322,79,160,61,46,29,82622,5976,88664,6102,2014,2018,{9E47F9E2-5A8D-4DD2-96DE-4A9F52F35A57},1,65061972884.548,1607110.74003867
2721,Valdez-Cordova Census Area,C,1867,200,121,95,1,2,56,42,69,28,52,259,76,329,107,442,132,209,84,265,111,99049,12047,112961,10861,2014,2018,{47D3091E-8C06-4BC8-B4D6-CF0ECF3B0F54},0,104475762391.881,1865853.1751973
2722,City and Borough of Wrangell,C,650,63,16,10,7,5,47,21,45,21,29,135,39,118,32,139,43,29,19,33,19,71923,10457,84803,7070,2014,2018,{587C69F7-2A28-4CEE-BA2C-1A7F7DCCBED1},1,8990113440.93259,521863.833264774
2723,City and Borough of Yakutat,C,136,21,0,9,2,3,5,4,12,8,8,29,14,26,10,30,14,7,4,6,5,75833,9336,84615,7959,2014,2018,{BF799AFC-92DA-47A3-89EF-4BB1B31FDE2B},1,55135560820.8944,1045167.77255898
2724,Yukon-Koyukuk Census Area,C,1151,62,111,22,49,14,126,24,128,26,32,214,35,135,30,141,26,72,18,18,11,50313,3092,63261,4102,2014,2018,{1F2FC561-C032-423A-85B7-32591979EA75},1,382983657874.603,3976004.07820487
3080,Aleutians East Borough,C,550,76,20,11,9,7,49,19,62,18,15,76,24,92,23,120,24,26,12,44,13,77692,6905,88636,5645,2015,2019,{A09E0C50-C6BB-40A4-BE7F-FDEBE561CD5C},1,38891722579.2331,2438360.57745712
3081,Aleutians West Census Area,C,732,86,10,7,9,6,23,9,37,10,13,122,22,150,30,176,27,89,23,73,23,95500,5670,108362,6087,2015,2019,{62DAD683-3FFC-4453-9FD2-D2EE794E9231},1,36561517862.9866,4244792.20961762
3082,Municipality of Anchorage,C,68643,1218,1383,245,958,247,2461,382,3089,423,500,11069,859,9307,742,16085,963,9421,643,9700,527,102065,2478,126118,2654,2015,2019,{41989645-CCA3-466B-9817-909C7EBD3FF1},1,5036452000.21851,332958.609701962
3083,Bethel Census Area,C,3415,182,250,50,140,43,372,62,356,57,70,623,86,382,75,553,94,165,56,120,63,53985,3553,68868,4843,2015,2019,{5F365A90-E7FE-4110-A895-042798D82840},1,117988475900.113,2984212.60852793
3084,Bristol Bay Borough,C,194,30,5,5,3,3,5,5,17,8,11,27,14,33,11,56,16,19,9,17,9,98214,12785,106382,10620,2015,2019,{CBAA2CFE-4E76-4196-AD94-319FF272CF9A},1,2199367108.55454,235540.528978003
3085,Denali Borough,C,321,142,13,13,0,9,0,9,6,6,23,40,25,63,36,112,59,37,32,18,16,104375,15028,107659,10381,2015,2019,{E39576F3-5473-4050-AD4E-430B55770A08},1,32806264014.1186,927457.146498535
3086,Dillingham Census Area,C,1041,69,67,20,34,12,89,25,113,24,34,162,30,134,29,141,35,77,32,44,21,55804,8048,75293,6830,2015,2019,{B7761367-B709-408C-BD0F-D9C9E2C5943F},1,53426374332.4492,1406516.68485113
3087,Fairbanks North Star Borough,C,23822,936,454,156,231,131,618,232,1492,239,376,4507,543,3705,473,5194,528,2794,382,2426,382,89993,4557,109186,4709,2015,2019,{B5ACCECA-F853-4F79-AD96-1CCA33463183},1,19256412630.5718,801783.202963282
3088,Haines Borough,C,620,93,7,6,45,46,50,62,37,35,40,104,64,117,62,205,82,8,6,2,4,81034,25763,76633,11513,2015,2019,{EE7CEC95-7451-4BA9-B25F-B1C7F2362518},1,7075332690.58836,645229.176273554
3089,Hoonah-Angoon Census Area,C,478,47,9,8,6,4,44,17,31,12,19,117,28,73,26,78,22,40,15,18,12,67500,7462,81418,5607,2015,2019,{967B027B-54A6-488D-841D-F748CE107A1A},1,24787862113.0964,1353722.09230902
3090,City and Borough of Juneau,C,7773,390,203,119,53,31,207,109,167,65,115,1147,261,1240,249,2233,301,1151,196,977,184,108750,7739,120263,5274,2015,2019,{E5B6208B-DD7F-4DBA-951C-0C5D616E79BF},1,8438043446.71028,435949.114371522
3091,Kenai Peninsula Borough,C,13603,469,366,106,275,79,634,155,740,152,218,2393,293,2069,224,3226,311,1410,236,1115,208,88519,4655,101576,4975,2015,2019,{3D00FF95-7311-402B-9DD4-1CE3321F245E},1,63845264503.143,1224719.69335961
3092,Ketchikan Gateway Borough,C,3453,122,114,47,46,26,162,40,212,50,66,589,83,462,79,812,100,450,82,317,59,90684,5321,107201,5116,2015,2019,{E60C34A3-5913-4148-9A40-D84C112C6316},1,18122296476.9068,835256.329066964
3093,Kodiak Island Borough,C,2967,236,111,57,77,80,88,52,138,73,76,484,149,456,114,951,160,230,83,237,86,97485,6149,100049,6368,2015,2019,{2A6D400C-A4AB-4D07-92B6-DA9584C8C852},1,61328964414.1859,1431876.82062005
3094,Kusilvak Census Area,C,1440,79,155,32,100,27,221,44,207,31,45,270,38,102,24,83,20,27,20,19,9,36341,1848,46835,3236,2015,2019,{EF9C5E4E-265E-4453-B87F-401952925FE6},1,50915567007.751,1157893.23325017
3095,Lake and Peninsula Borough,C,280,85,14,8,13,9,49,20,32,15,22,46,18,32,15,44,19,9,10,3,5,47857,4787,62579,7558,2015,2019,{08965FEC-CECD-4B69-9010-FEC9535D56A9},1,87593153578.0484,2085174.23519527
3096,Matanuska-Susitna Borough,C,22093,416,717,97,333,67,992,136,1154,132,203,3690,245,3269,234,5402,309,2697,237,1823,168,90704,2131,104600,2346,2015,2019,{851E4746-8FE8-4393-9369-E3F9F1633855},1,65442455342.9498,1152441.35617227
3097,Nome Census Area,C,2128,119,142,30,41,13,203,31,238,39,36,423,49,269,44,313,48,140,37,126,29,59559,3006,77932,4071,2015,2019,{6825185D-29C7-42DB-A603-4F37EDDF219C},1,73271378308.1419,2529156.77401628
3098,North Slope Borough,C,1523,112,58,34,45,30,70,34,117,37,57,198,47,254,64,251,59,203,62,136,50,83419,7063,98565,8866,2015,2019,{2DA35656-FC1D-4370-A191-64BB54EB5787},1,245603205022.871,2714752.49693448
3099,Northwest Arctic Borough,C,1318,70,104,25,51,18,120,28,131,31,33,207,35,126,33,206,49,127,32,68,25,58676,6114,78681,5070,2015,2019,{351F5989-A7A7-4518-A5E4-E67316B8C2DD},1,105204753466.904,1827331.6633474
3100,Petersburg Borough,C,766,85,23,14,8,6,20,14,57,39,21,190,63,94,20,126,29,79,28,113,43,83125,11927,110173,12327,2015,2019,{3D32B916-2AAC-4B36-A357-1CCB20E08A73},1,9913162997.02415,558167.913751891
3101,Prince of Wales-Hyder Census Area,C,1525,78,74,29,50,23,145,29,149,39,43,262,42,258,46,262,46,97,27,37,13,64712,6772,75079,4330,2015,2019,{7ED5387A-A8FC-42E5-B364-246EE5926A4D},1,27882580569.3064,1168519.29220612
3102,City and Borough of Sitka,C,2123,141,29,17,33,18,130,60,83,48,60,344,75,372,80,444,92,310,83,171,61,91935,6981,108346,8076,2015,2019,{99E9981F-255D-4678-9D2E-704DC07798D6},1,12471153036.8745,539563.243430759
3103,Municipality of Skagway,C,200,30,1,3,1,2,8,6,8,5,9,50,14,36,14,57,17,15,8,5,5,83214,6655,91478,6183,2015,2019,{F040B0E7-B5F6-47BE-82E0-63A3AC90CEC9},1,1174974941.05158,149806.420500932
3104,Southeast Fairbanks Census Area,C,1471,110,45,28,35,23,54,21,103,45,50,274,59,244,68,380,85,124,54,91,50,84977,5940,92933,7761,2015,2019,{9E47F9E2-5A8D-4DD2-96DE-4A9F52F35A57},1,65061972884.548,1607110.74003867
3105,Valdez-Cordova Census Area,C,1981,198,141,102,1,2,42,33,78,44,69,355,109,286,100,480,154,216,74,283,119,99102,7788,111568,10511,2015,2019,{47D3091E-8C06-4BC8-B4D6-CF0ECF3B0F54},0,104475762391.881,1865853.1751973
3106,City and Borough of Wrangell,C,654,52,14,9,4,5,46,25,39,20,40,136,34,101,33,145,40,48,31,20,14,69600,11163,85564,8174,2015,2019,{587C69F7-2A28-4CEE-BA2C-1A7F7DCCBED1},1,8990113440.93259,521863.833264774
3107,City and Borough of Yakutat,C,127,21,0,9,1,2,2,2,13,10,8,29,10,27,10,27,9,8,6,5,4,78125,5791,86056,8755,2015,2019,{BF799AFC-92DA-47A3-89EF-4BB1B31FDE2B},1,55135560820.8944,1045167.77255898
3108,Yukon-Koyukuk Census Area,C,1084,66,101,19,44,14,115,21,125,22,23,234,29,114,27,126,32,69,20,20,15,51544,3225,63689,3608,2015,2019,{1F2FC561-C032-423A-85B7-32591979EA75},1,382983657874.603,3976004.07820487
4235,Aleutians East Borough,C,568,77,15,10,13,8,58,23,34,17,22,81,22,74,22,113,27,71,30,37,16,80313,16611,93021,8653,2017,2021,{A09E0C50-C6BB-40A4-BE7F-FDEBE561CD5C},1,38891722579.2331,2438360.57745712
4236,Aleutians West Census Area,C,553,166,5,8,5,6,9,9,12,8,26,99,58,92,25,150,40,67,32,72,29,102083,12689,119315,10865,2017,2021,{62DAD683-3FFC-4453-9FD2-D2EE794E9231},1,36561517862.9866,4244792.20961762
4237,Municipality of Anchorage,C,69003,1450,1252,283,962,284,2372,447,2680,396,586,10695,859,9810,884,15692,1114,9542,641,11332,807,106497,2266,132053,3383,2017,2021,{41989645-CCA3-466B-9817-909C7EBD3FF1},1,5036452000.21851,332958.609701962
4238,Bethel Census Area,C,3373,196,234,49,135,40,303,57,384,78,67,497,81,346,64,582,96,260,62,199,83,57294,5008,78736,4392,2017,2021,{5F365A90-E7FE-4110-A895-042798D82840},1,117988475900.113,2984212.60852793
4239,Bristol Bay Borough,C,187,39,1,2,0,10,1,2,14,9,10,38,18,36,16,33,18,26,11,21,13,91563,13202,114965,19030,2017,2021,{CBAA2CFE-4E76-4196-AD94-319FF272CF9A},1,2199367108.55454,235540.528978003
4240,Chugach Census Area,C,1717,186,36,42,2,4,64,74,95,74,121,364,116,179,91,444,176,168,78,238,101,99627,10187,111215,12795,2017,2021,{70E419B7-B871-4400-8F35-A912DC710D65},1,39336366242.5539,1270525.40576346
4241,Copper River Census Area,C,627,100,22,16,0,10,26,16,45,41,41,121,49,76,37,165,53,32,25,86,43,90739,17824,103772,13647,2017,2021,{6E6F335B-34AD-45BE-A9A8-3351C21F50A9},1,65053506893.0641,1418520.88470921
4242,Denali Borough,C,274,181,9,10,7,10,1,2,4,5,9,31,29,46,37,77,59,72,58,18,18,119605,8192,119256,12282,2017,2021,{E39576F3-5473-4050-AD4E-430B55770A08},1,32806264014.1186,927457.146498535
4243,Dillingham Census Area,C,1059,71,70,22,45,21,69,20,103,26,38,189,37,139,30,198,52,75,27,48,26,67250,8708,80366,8013,2017,2021,{B7761367-B709-408C-BD0F-D9C9E2C5943F},1,53426374332.4492,1406516.68485113
4244,Fairbanks North Star Borough,C,23400,782,291,136,139,83,652,219,1340,298,440,4661,613,2987,544,5003,503,3053,465,2928,440,93030,5419,117610,5120,2017,2021,{B5ACCECA-F853-4F79-AD96-1CCA33463183},1,19256412630.5718,801783.202963282
4245,Haines Borough,C,463,94,1,4,63,69,44,62,14,17,14,50,41,60,47,154,63,23,27,30,28,88125,29887,87245,17154,2017,2021,{EE7CEC95-7451-4BA9-B25F-B1C7F2362518},1,7075332690.58836,645229.176273554
4246,Hoonah-Angoon Census Area,C,469,79,8,6,6,7,37,15,36,15,32,85,26,84,32,48,18,62,23,28,16,69583,11483,88353,8830,2017,2021,{967B027B-54A6-488D-841D-F748CE107A1A},1,24787862113.0964,1353722.09230902
4247,City and Borough of Juneau,C,7414,404,174,128,77,37,176,92,185,82,133,969,210,1144,247,1783,266,1028,196,1366,217,108904,7267,132116,6416,2017,2021,{E5B6208B-DD7F-4DBA-951C-0C5D616E79BF},1,8438043446.71028,435949.114371522
4248,Kenai Peninsula Borough,C,13789,479,300,110,218,81,615,157,589,136,185,2456,315,2039,302,3206,334,1647,263,1525,278,94066,3046,115669,7539,2017,2021,{3D00FF95-7311-402B-9DD4-1CE3321F245E},1,63845264503.143,1224719.69335961
4250,Aleutians East Borough,C,593,100,20,10,12,8,59,25,38,13,21,73,33,86,27,186,63,31,13,34,14,88313,15090,92956,7299,2016,2020,{A09E0C50-C6BB-40A4-BE7F-FDEBE561CD5C},1,38891722579.2331,2438360.57745712
4251,Aleutians West Census Area,C,760,138,9,7,4,5,11,11,28,20,21,162,58,148,40,190,48,75,25,77,38,92500,11150,108072,8332,2016,2020,{62DAD683-3FFC-4453-9FD2-D2EE794E9231},1,36561517862.9866,4244792.20961762
4252,Municipality of Anchorage,C,69571,1456,1237,307,1061,295,2260,366,3452,511,538,11540,865,9895,785,16178,970,9482,746,9462,615,100775,2049,124028,2529,2016,2020,{41989645-CCA3-466B-9817-909C7EBD3FF1},1,5036452000.21851,332958.609701962
4253,Bethel Census Area,C,3356,183,257,60,155,50,316,69,356,58,68,566,91,359,75,562,101,159,70,193,74,55324,4486,73837,5103,2016,2020,{5F365A90-E7FE-4110-A895-042798D82840},1,117988475900.113,2984212.60852793
4254,Bristol Bay Borough,C,178,36,2,2,0,10,3,4,8,6,10,36,16,33,14,47,25,16,10,20,12,92222,20363,106829,10036,2016,2020,{CBAA2CFE-4E76-4196-AD94-319FF272CF9A},1,2199367108.55454,235540.528978003
4255,Chugach Census Area,C,1577,155,63,62,0,14,19,21,57,51,100,263,103,332,132,374,150,166,77,174,71,98498,6548,107169,11328,2016,2020,{70E419B7-B871-4400-8F35-A912DC710D65},1,39336366242.5539,1270525.40576346
4256,Copper River Census Area,C,709,107,27,18,7,15,22,13,41,28,51,153,62,71,33,194,63,59,38,83,41,87981,31610,105801,13282,2016,2020,{6E6F335B-34AD-45BE-A9A8-3351C21F50A9},1,65053506893.0641,1418520.88470921
4257,Denali Borough,C,333,176,7,8,0,10,1,2,5,6,19,37,27,51,40,113,65,64,55,37,29,116648,7184,125683,12231,2016,2020,{E39576F3-5473-4050-AD4E-430B55770A08},1,32806264014.1186,927457.146498535
4258,Dillingham Census Area,C,1063,76,63,18,42,20,99,23,111,26,31,183,38,157,52,143,35,77,23,29,25,59250,9695,71760,6772,2016,2020,{B7761367-B709-408C-BD0F-D9C9E2C5943F},1,53426374332.4492,1406516.68485113
4259,Fairbanks North Star Borough,C,23871,833,350,145,192,107,540,208,1540,314,469,5005,619,3288,470,5598,559,2548,408,2422,424,89208,3916,111203,5188,2016,2020,{B5ACCECA-F853-4F79-AD96-1CCA33463183},1,19256412630.5718,801783.202963282
4260,Haines Borough,C,533,94,7,8,59,62,45,64,16,17,17,77,48,79,53,191,88,17,20,21,27,84191,23226,84021,15487,2016,2020,{EE7CEC95-7451-4BA9-B25F-B1C7F2362518},1,7075332690.58836,645229.176273554
4261,Hoonah-Angoon Census Area,C,437,59,9,6,7,6,35,13,23,10,26,88,23,86,29,64,19,40,18,24,16,72750,10054,86042,8346,2016,2020,{967B027B-54A6-488D-841D-F748CE107A1A},1,24787862113.0964,1353722.09230902
4262,City and Borough of Juneau,C,7488,480,189,116,52,28,155,80,164,73,120,1092,224,1422,288,1858,238,1088,210,1105,188,106066,6794,123529,5815,2016,2020,{E5B6208B-DD7F-4DBA-951C-0C5D616E79BF},1,8438043446.71028,435949.114371522
4263,Kenai Peninsula Borough,C,13691,556,359,127,211,76,650,167,622,140,196,2417,276,2205,313,3157,334,1495,255,1279,250,90244,2728,107334,6040,2016,2020,{3D00FF95-7311-402B-9DD4-1CE3321F245E},1,63845264503.143,1224719.69335961
4264,Ketchikan Gateway Borough,C,3501,159,85,39,62,32,127,46,192,50,72,595,94,469,84,847,109,516,87,294,63,91797,7379,109083,5655,2016,2020,{E60C34A3-5913-4148-9A40-D84C112C6316},1,18122296476.9068,835256.329066964
4265,Kodiak Island Borough,C,2900,241,98,64,65,63,105,58,132,63,120,436,113,459,123,929,173,227,91,181,72,95280,8348,97161,5974,2016,2020,{2A6D400C-A4AB-4D07-92B6-DA9584C8C852},1,61328964414.1859,1431876.82062005
4266,Kusilvak Census Area,C,1448,98,173,55,101,29,206,40,218,44,60,219,44,94,24,114,37,25,24,15,8,36161,3676,46398,4572,2016,2020,{EF9C5E4E-265E-4453-B87F-401952925FE6},1,50915567007.751,1157893.23325017
4267,Lake and Peninsula Borough,C,255,101,9,8,9,8,43,20,30,15,16,49,30,36,16,32,21,14,9,3,4,52969,6682,64564,7120,2016,2020,{08965FEC-CECD-4B69-9010-FEC9535D56A9},1,87593153578.0484,2085174.23519527
4268,Matanuska-Susitna Borough,C,22681,472,754,127,395,103,971,153,1132,167,221,3698,258,3463,261,5345,298,2837,218,2123,217,91597,2825,107543,2804,2016,2020,{851E4746-8FE8-4393-9369-E3F9F1633855},1,65442455342.9498,1152441.35617227
4269,Nome Census Area,C,2055,124,132,32,58,21,212,43,208,38,38,405,58,227,47,303,57,173,37,127,40,60680,3791,79851,4559,2016,2020,{6825185D-29C7-42DB-A603-4F37EDDF219C},1,73271378308.1419,2529156.77401628
4270,North Slope Borough,C,1468,226,45,34,49,28,93,50,59,32,67,212,59,245,65,268,91,196,69,103,62,84342,10924,96631,8899,2016,2020,{2DA35656-FC1D-4370-A191-64BB54EB5787},1,245603205022.871,2714752.49693448
4271,Northwest Arctic Borough,C,1313,60,92,27,41,16,90,22,128,38,38,234,42,120,32,205,52,149,45,83,33,62049,4979,84173,5174,2016,2020,{351F5989-A7A7-4518-A5E4-E67316B8C2DD},1,105204753466.904,1827331.6633474
4272,Petersburg Borough,C,790,70,17,10,6,10,24,23,70,32,27,211,74,118,40,117,27,72,24,97,38,76731,9777,103247,10699,2016,2020,{3D32B916-2AAC-4B36-A357-1CCB20E08A73},1,9913162997.02415,558167.913751891
4273,Prince of Wales-Hyder Census Area,C,1497,92,79,33,39,23,130,29,127,30,46,269,52,204,42,291,48,114,39,39,17,66012,6263,77521,5550,2016,2020,{7ED5387A-A8FC-42E5-B364-246EE5926A4D},1,27882580569.3064,1168519.29220612
4274,City and Borough of Sitka,C,2214,135,29,17,30,17,114,62,65,47,64,322,78,445,107,461,104,341,89,206,78,93977,8672,112078,8358,2016,2020,{99E9981F-255D-4678-9D2E-704DC07798D6},1,12471153036.8745,539563.243430759
4275,Municipality of Skagway,C,196,38,1,2,1,2,7,7,5,7,8,48,14,36,19,59,17,17,9,12,8,87500,16421,101818,9025,2016,2020,{F040B0E7-B5F6-47BE-82E0-63A3AC90CEC9},1,1174974941.05158,149806.420500932
4276,Southeast Fairbanks Census Area,C,1470,130,39,23,44,32,83,39,100,49,56,243,77,252,60,360,92,121,53,85,48,84453,5603,91915,7037,2016,2020,{9E47F9E2-5A8D-4DD2-96DE-4A9F52F35A57},1,65061972884.548,1607110.74003867
4277,City and Borough of Wrangell,C,644,66,18,13,4,6,31,19,37,22,38,150,44,74,28,157,47,37,26,25,15,67976,10074,86215,8377,2016,2020,{587C69F7-2A28-4CEE-BA2C-1A7F7DCCBED1},1,8990113440.93259,521863.833264774
4278,City and Borough of Yakutat,C,144,33,0,10,1,2,2,2,42,30,13,20,12,21,10,31,18,7,5,2,2,58571,20836,72189,10840,2016,2020,{BF799AFC-92DA-47A3-89EF-4BB1B31FDE2B},1,55135560820.8944,1045167.77255898
4279,Yukon-Koyukuk Census Area,C,1079,65,76,22,54,21,118,25,110,25,26,227,37,147,27,112,22,72,24,31,19,53750,4927,68146,5254,2016,2020,{1F2FC561-C032-423A-85B7-32591979EA75},1,382983657874.603,3976004.07820487
4636,Aleutians East Borough,C,549,67,17,11,4,5,55,18,27,12,22,77,24,80,28,102,35,98,33,19,14,79922,11042,92755,8089,2018,2022,{A09E0C50-C6BB-40A4-BE7F-FDEBE561CD5C},1,38891722579.2331,2438360.57745712
4637,Aleutians West Census Area,C,537,85,6,7,4,7,8,12,16,12,19,89,45,63,17,182,42,62,21,69,27,111607,11118,120882,8658,2018,2022,{62DAD683-3FFC-4453-9FD2-D2EE794E9231},1,36561517862.9866,4244792.20961762
4638,Municipality of Anchorage,C,68213,1394,1205,316,872,239,2070,412,2478,521,560,8382,847,9275,653,15644,975,10844,741,12826,771,115272,2325,141690,3411,2018,2022,{41989645-CCA3-466B-9817-909C7EBD3FF1},1,5036452000.21851,332958.609701962
4639,Bethel Census Area,C,3420,167,204,51,107,38,266,60,322,59,81,591,89,402,76,503,109,303,83,295,91,67266,6174,88876,4479,2018,2022,{5F365A90-E7FE-4110-A895-042798D82840},1,117988475900.113,2984212.60852793
4640,Bristol Bay Borough,C,179,30,1,2,0,10,0,10,9,7,7,36,16,29,14,44,18,21,8,30,13,104688,13908,134679,20215,2018,2022,{CBAA2CFE-4E76-4196-AD94-319FF272CF9A},1,2199367108.55454,235540.528978003
4641,Chugach Census Area,C,1818,159,12,12,43,51,59,64,60,37,85,341,119,258,105,438,134,174,78,278,96,96290,17398,113269,10252,2018,2022,{70E419B7-B871-4400-8F35-A912DC710D65},1,39336366242.5539,1270525.40576346
4642,Copper River Census Area,C,631,81,23,21,0,10,23,16,54,33,23,100,43,101,46,199,54,22,15,84,41,95208,16744,110267,12239,2018,2022,{6E6F335B-34AD-45BE-A9A8-3351C21F50A9},1,65053506893.0641,1418520.88470921
4643,Denali Borough,C,302,64,2,3,7,9,0,10,8,8,5,37,22,46,24,61,33,99,49,38,19,131750,24406,133880,13270,2018,2022,{E39576F3-5473-4050-AD4E-430B55770A08},1,32806264014.1186,927457.146498535
4644,Dillingham Census Area,C,1024,617,58,34,42,24,49,20,69,22,68,190,82,134,105,213,185,82,88,60,77,72500,27805,86465,30262,2018,2022,{B7761367-B709-408C-BD0F-D9C9E2C5943F},1,53426374332.4492,1406516.68485113
4645,Fairbanks North Star Borough,C,22854,834,319,132,121,92,547,211,746,222,469,4436,634,3153,526,4848,557,2940,409,3764,548,100854,4669,127069,6771,2018,2022,{B5ACCECA-F853-4F79-AD96-1CCA33463183},1,19256412630.5718,801783.202963282
4646,Haines Borough,C,447,73,10,12,11,16,41,58,11,14,9,59,39,70,45,169,56,32,35,30,27,101875,25665,102353,13975,2018,2022,{EE7CEC95-7451-4BA9-B25F-B1C7F2362518},1,7075332690.58836,645229.176273554
4647,Hoonah-Angoon Census Area,C,487,55,14,9,4,4,16,9,42,18,15,125,37,74,31,82,22,49,22,42,19,79063,11600,98406,9624,2018,2022,{967B027B-54A6-488D-841D-F748CE107A1A},1,24787862113.0964,1353722.09230902
4648,City and Borough of Juneau,C,7467,432,133,133,78,36,122,66,240,119,133,1009,235,1007,221,1843,305,1140,204,1534,269,113750,6513,139520,7570,2018,2022,{E5B6208B-DD7F-4DBA-951C-0C5D616E79BF},1,8438043446.71028,435949.114371522
4649,Ketchikan Gateway Borough,C,3619,151,105,38,60,33,100,41,189,65,65,564,82,523,83,819,103,540,89,425,83,97802,6717,116424,5275,2017,2021,{E60C34A3-5913-4148-9A40-D84C112C6316},1,18122296476.9068,835256.329066964
4650,Kodiak Island Borough,C,3087,232,68,54,74,60,46,33,168,80,78,552,160,514,141,980,201,262,89,242,96,97521,7451,104382,6549,2017,2021,{2A6D400C-A4AB-4D07-92B6-DA9584C8C852},1,61328964414.1859,1431876.82062005
4651,Kusilvak Census Area,C,1499,106,173,48,82,31,203,54,217,48,54,304,62,83,65,120,65,29,18,23,17,38005,4648,49207,6280,2017,2021,{EF9C5E4E-265E-4453-B87F-401952925FE6},1,50915567007.751,1157893.23325017
4652,Lake and Peninsula Borough,C,232,119,10,10,10,9,22,16,30,24,20,45,26,39,24,26,16,15,10,4,5,56250,5667,68650,6089,2017,2021,{08965FEC-CECD-4B69-9010-FEC9535D56A9},1,87593153578.0484,2085174.23519527
4653,Matanuska-Susitna Borough,C,27166,487,888,174,477,135,1095,153,1403,254,214,4397,303,4184,317,6288,340,3379,290,2954,263,93428,2666,111289,2547,2017,2021,{851E4746-8FE8-4393-9369-E3F9F1633855},1,65442455342.9498,1152441.35617227
4654,Nome Census Area,C,2007,108,131,25,55,20,209,36,201,38,29,399,49,232,42,278,47,157,42,154,40,62987,2567,82606,4676,2017,2021,{6825185D-29C7-42DB-A603-4F37EDDF219C},1,73271378308.1419,2529156.77401628
4655,North Slope Borough,C,1561,139,50,36,47,31,35,16,69,35,67,244,66,236,75,312,81,185,63,205,96,93165,7069,109309,10482,2017,2021,{2DA35656-FC1D-4370-A191-64BB54EB5787},1,245603205022.871,2714752.49693448
4656,Northwest Arctic Borough,C,1285,81,79,24,53,19,66,20,94,23,30,246,44,153,33,191,34,142,40,123,39,70515,6375,90910,5857,2017,2021,{351F5989-A7A7-4518-A5E4-E67316B8C2DD},1,105204753466.904,1827331.6633474
4657,Petersburg Borough,C,761,74,12,8,6,7,23,15,64,32,26,142,54,181,41,119,27,68,24,99,35,84779,7164,109779,11500,2017,2021,{3D32B916-2AAC-4B36-A357-1CCB20E08A73},1,9913162997.02415,558167.913751891
4658,Prince of Wales-Hyder Census Area,C,1445,95,71,28,59,31,108,35,124,28,48,238,63,191,46,304,57,116,41,50,22,70792,9756,81417,6258,2017,2021,{7ED5387A-A8FC-42E5-B364-246EE5926A4D},1,27882580569.3064,1168519.29220612
4659,City and Borough of Sitka,C,2172,138,33,20,31,20,74,39,73,48,63,359,92,393,111,600,100,268,78,189,76,96838,10230,109612,8218,2017,2021,{99E9981F-255D-4678-9D2E-704DC07798D6},1,12471153036.8745,539563.243430759
4660,Municipality of Skagway,C,184,34,1,3,1,2,5,5,3,4,7,35,15,37,11,54,19,24,9,13,9,93750,18372,109671,12780,2017,2021,{F040B0E7-B5F6-47BE-82E0-63A3AC90CEC9},1,1174974941.05158,149806.420500932
4661,Southeast Fairbanks Census Area,C,1376,127,41,26,52,35,95,48,60,35,64,182,61,243,68,272,80,128,51,128,50,81897,12185,93971,8674,2017,2021,{9E47F9E2-5A8D-4DD2-96DE-4A9F52F35A57},1,65061972884.548,1607110.74003867
4662,City and Borough of Wrangell,C,472,55,21,17,6,6,6,9,31,25,37,114,33,55,20,73,23,53,33,34,21,70682,10570,90926,11514,2017,2021,{587C69F7-2A28-4CEE-BA2C-1A7F7DCCBED1},1,8990113440.93259,521863.833264774
4663,City and Borough of Yakutat,C,154,50,0,10,0,10,0,10,29,32,9,33,19,22,14,44,37,10,6,4,4,79375,40854,84103,15282,2017,2021,{BF799AFC-92DA-47A3-89EF-4BB1B31FDE2B},1,55135560820.8944,1045167.77255898
4664,Yukon-Koyukuk Census Area,C,1065,92,72,28,36,15,114,30,121,34,27,249,48,118,34,141,32,80,27,30,21,56420,5617,71490,6870,2017,2021,{1F2FC561-C032-423A-85B7-32591979EA75},1,382983657874.603,3976004.07820487
5049,Kenai Peninsula Borough,C,13741,521,312,102,139,55,487,130,706,136,202,1993,245,2058,289,3567,361,1538,270,1911,286,101126,3344,123731,7904,2018,2022,{3D00FF95-7311-402B-9DD4-1CE3321F245E},1,63845264503.143,1224719.69335961
5050,Ketchikan Gateway Borough,C,3573,166,110,48,21,15,121,49,118,55,53,512,96,569,92,865,125,520,87,509,106,105493,8306,124940,6914,2018,2022,{E60C34A3-5913-4148-9A40-D84C112C6316},1,18122296476.9068,835256.329066964
5051,Kodiak Island Borough,C,3204,246,77,64,72,66,63,47,123,59,155,449,132,426,154,962,209,371,109,347,124,104276,8718,113186,9800,2018,2022,{2A6D400C-A4AB-4D07-92B6-DA9584C8C852},1,61328964414.1859,1431876.82062005
5052,Kusilvak Census Area,C,1554,78,171,50,85,28,151,43,182,52,62,338,64,121,30,153,47,53,27,34,20,43882,4725,56725,4872,2018,2022,{EF9C5E4E-265E-4453-B87F-401952925FE6},1,50915567007.751,1157893.23325017
5053,Lake and Peninsula Borough,C,243,30,8,6,8,6,19,9,23,11,11,41,17,42,18,42,20,23,13,3,5,64875,11352,76035,9099,2018,2022,{08965FEC-CECD-4B69-9010-FEC9535D56A9},1,87593153578.0484,2085174.23519527
5054,Matanuska-Susitna Borough,C,27830,475,775,173,437,130,936,175,1102,188,251,3798,302,4528,401,6501,397,3738,330,3786,296,100753,2731,120400,2734,2018,2022,{851E4746-8FE8-4393-9369-E3F9F1633855},1,65442455342.9498,1152441.35617227
5055,Nome Census Area,C,2048,102,107,26,53,18,176,43,184,41,34,377,50,238,38,324,57,188,54,223,46,70588,4582,93607,5618,2018,2022,{6825185D-29C7-42DB-A603-4F37EDDF219C},1,73271378308.1419,2529156.77401628
5056,North Slope Borough,C,1555,178,63,47,105,74,19,13,20,14,102,214,72,141,57,319,107,111,51,324,108,92656,22975,117542,15430,2018,2022,{2DA35656-FC1D-4370-A191-64BB54EB5787},1,245603205022.871,2714752.49693448
5057,Northwest Arctic Borough,C,1327,64,55,21,59,21,67,22,68,18,33,266,45,171,29,206,36,154,37,145,40,77546,6516,98000,6220,2018,2022,{351F5989-A7A7-4518-A5E4-E67316B8C2DD},1,105204753466.904,1827331.6633474
5058,Petersburg Borough,C,853,87,10,7,4,5,22,11,24,12,46,144,61,190,49,134,34,90,33,124,37,90037,8535,116561,10427,2018,2022,{3D32B916-2AAC-4B36-A357-1CCB20E08A73},1,9913162997.02415,558167.913751891
5059,Prince of Wales-Hyder Census Area,C,1495,95,35,13,76,35,70,23,119,34,41,267,49,238,44,271,46,190,53,78,23,77548,5778,91320,6282,2018,2022,{7ED5387A-A8FC-42E5-B364-246EE5926A4D},1,27882580569.3064,1168519.29220612
5060,City and Borough of Sitka,C,2181,143,25,15,29,34,43,26,56,21,64,254,79,452,123,630,110,277,79,268,76,107896,8334,122193,7411,2018,2022,{99E9981F-255D-4678-9D2E-704DC07798D6},1,12471153036.8745,539563.243430759
5061,Municipality of Skagway,C,194,41,0,10,4,5,2,3,3,4,6,30,13,46,17,55,17,32,12,15,9,110833,18160,119386,9668,2018,2022,{F040B0E7-B5F6-47BE-82E0-63A3AC90CEC9},1,1174974941.05158,149806.420500932
5062,Southeast Fairbanks Census Area,C,1462,124,52,32,43,33,117,60,60,32,53,232,70,251,68,330,85,111,49,124,54,82135,13983,96036,10063,2018,2022,{9E47F9E2-5A8D-4DD2-96DE-4A9F52F35A57},1,65061972884.548,1607110.74003867
5063,City and Borough of Wrangell,C,498,53,22,25,1,4,8,9,21,17,44,95,29,72,26,81,28,55,29,44,26,77500,15466,100313,14657,2018,2022,{587C69F7-2A28-4CEE-BA2C-1A7F7DCCBED1},1,8990113440.93259,521863.833264774
5064,City and Borough of Yakutat,C,160,46,0,10,0,10,1,2,1,2,28,36,21,18,11,51,38,16,8,3,4,90750,35727,93774,13466,2018,2022,{BF799AFC-92DA-47A3-89EF-4BB1B31FDE2B},1,55135560820.8944,1045167.77255898
5065,Yukon-Koyukuk Census Area,C,1125,107,62,21,30,21,113,42,141,39,30,242,45,132,33,154,47,90,31,44,23,59458,4607,75387,7389,2018,2022,{1F2FC561-C032-423A-85B7-32591979EA75},1,382983657874.603,3976004.07820487
