X,Y,OBJECTID,CommunityName,EntityName,EntityType,Address,City,State,Zip,Phone,Fax,AsOfDate,LocationID,CommunityID,EntityID
-176.640287,51.8682820000001,1,Adak,Adak Contract Postal Unit,Contract Postal Unit,100 Mechanical St,Adak,AK,99546-9800,+ 1 (907) 532-2464,,2023/08/25 08:00:00+00,1440320,{C712D789-18CD-4C6C-A0FB-E5B7BB9B1B86},{92A0B011-A2FA-4C21-8578-7D1C9F556B46}
-154.171677,56.945276,2,Akhiok,Akhiok Post Office,Post Office,165 D St,Akhiok,AK,99615-9800,+ 1 (907) 836-2229,,2023/08/25 08:00:00+00,1439368,{68670103-A544-40F0-AD9E-7215DEC2434C},{8B6EDFFA-CFC0-45EB-B5F0-DC20054C25E2}
-161.416088,60.90101,3,Akiachak,Akiachak Post Office,Post Office,500 Phillips St,Akiachak,AK,99551-9800,+ 1 (907) 825-4012,,2023/08/25 08:00:00+00,1352526,{D381614D-1B3D-4C01-A916-B139441D4A88},{AF21D292-E10C-465A-BB08-0CC75EF44BD7}
-161.220674,60.9103150000001,4,Akiak,Akiak Post Office,Post Office,250 Off Doops St,Akiak,AK,99552-9800,+ 1 (907) 765-7415,+ 1 (907) 765-7418,2023/08/25 08:00:00+00,1352527,{B9E3D976-5DA3-4850-884A-E7818D521898},{56CD287C-B32B-4B51-8C9D-899B9A87FFAD}
-165.776907,54.1337980000001,5,Akutan,Akutan Post Office,Post Office,101 Salmon Berry Rd,Akutan,AK,99553-9800,+ 1 (907) 698-2200,+ 1 (907) 698-2202,2023/08/25 08:00:00+00,1352537,{D57C95FC-45D5-44E0-B99B-5325C15EBE66},{45688514-CCF6-4117-9FAF-430A272D74C7}
-164.645411,62.6848640000001,6,Alakanuk,Alakanuk Post Office,Post Office,500 Anderson St,Alakanuk,AK,99554-9800,+ 1 (907) 238-3717,+ 1 (907) 238-3712,2023/08/25 08:00:00+00,1352544,{8142710A-7405-430F-9A0B-C44338B4B31A},{FF1A85DC-A147-4C00-9C8D-C8589723D911}
-158.621658,59.279213,7,Aleknagik,Aleknagik Post Office,Post Office,123 Main St,Aleknagik,AK,99555-9800,+ 1 (907) 842-2410,+ 1 (907) 842-5732,2023/08/25 08:00:00+00,1352649,{D9F6FF1F-CC12-41CB-B678-41BBCC900FF9},{81AADDDC-F103-48EF-B8DC-5561FB744B74}
-152.64537,66.5635370000001,8,Allakaket,Allakaket Post Office,Post Office,21 Allakaket Rd,Allakaket,AK,99720-9800,+ 1 (907) 968-2212,+ 1 (907) 968-2212,2023/08/25 08:00:00+00,1352701,{D9E1C7EB-2990-486A-BEC6-DF457C95E944},{461FFC1A-5D4A-4C02-B889-A63931C849E8}
-157.855424,67.0865200000001,9,Ambler,Ambler Post Office,Post Office,9998 Ambler Ave,Ambler,AK,99786-9800,+ 1 (907) 445-2187,+ 1 (907) 445-2287,2023/08/25 08:00:00+00,1352927,{E98663F6-E635-4427-85F1-48E3042D196E},{B6A30FC3-2C54-47FE-A6CC-289C170690B5}
-151.734082,68.1406840000001,10,Anaktuvuk Pass,Anaktuvuk Pass Post Office,Post Office,1104 Summer St,Anaktuvuk Pass,AK,99721-9800,+ 1 (907) 661-3615,+ 1 (907) 661-3925,2023/08/25 08:00:00+00,1353020,{C8F22DE3-2D24-49CD-A867-3855226D712F},{AF4BC84C-3230-4892-9D17-ECBA5D4633FC}
-151.83266,59.7827710000001,11,Anchor Point,Anchor Point Post Office,Post Office,33790 Sterling Hwy,Anchor Point,AK,99556-9606,+ 1 (907) 235-7666,+ 1 (907) 235-3224,2023/08/25 08:00:00+00,1353028,{C20E1D6B-1DBC-4F69-B3F3-1AEC09EDDD83},{56E2B7D8-0FAA-4E25-8A80-7747671265F1}
-149.986214,61.1844730000001,12,Anchorage,Anchorage Main Post Office,Post Office,4141 Postmark Dr,Anchorage,AK,99530-9998,+ 1 (907) 266-3266,+ 1 (907) 266-3253,2023/08/25 08:00:00+00,1439416,{41989645-CCA3-466B-9817-909C7EBD3FF1},{66E817FF-CBA3-4427-AA14-30E83192BC3B}
-149.735001,61.2210890000001,13,Anchorage,Andys Ace Hardware Contract Postal Unit,Contract Postal Unit,240 Muldoon Rd,Anchorage,AK,99504-1502,+ 1 (907) 333-6648,+ 1 (907) 333-7263,2023/08/25 08:00:00+00,1448532,{41989645-CCA3-466B-9817-909C7EBD3FF1},{FC79A076-F2A0-450A-91C7-0016F07A6803}
-149.869084,61.1431830000001,14,Anchorage,Dimond Center Station #5 Contract Postal Unit,Contract Postal Unit,800 E Dimond Blvd Ste 3-500,Anchorage,AK,99515-2038,+ 1 (907) 349-4016,,2023/08/25 08:00:00+00,1439390,{41989645-CCA3-466B-9817-909C7EBD3FF1},{851C3B4F-164A-4EFF-A5D9-5A4A8D441003}
-149.867924,61.2140430000001,15,Anchorage,Eastchester Post Office,Post Office,800 Ingra St,Anchorage,AK,99501-9998,+ 1 (907) 272-8266,+ 1 (907) 272-2516,2023/08/25 08:00:00+00,1361901,{41989645-CCA3-466B-9817-909C7EBD3FF1},{3FF9AAA2-129D-45CE-AAF0-71F18F289068}
-149.859335,61.110979,16,Anchorage,Huffman Post Office,Post Office,1221 Huffman Park Dr,Anchorage,AK,99515-9998,+ 1 (907) 348-0491,+ 1 (907) 348-0482,2023/08/25 08:00:00+00,1367579,{41989645-CCA3-466B-9817-909C7EBD3FF1},{B079EF1E-E86B-4E45-918D-0879C5BD2775}
-149.836784,61.168208,17,Anchorage,Lake Otis Post Office,Post Office,5855 Lake Otis Pkwy,Anchorage,AK,99507-9998,+ 1 (907) 563-7446,+ 1 (907) 563-0114,2023/08/25 08:00:00+00,1369623,{41989645-CCA3-466B-9817-909C7EBD3FF1},{1700EBF0-B4F8-4242-B16B-27F6CD0F3FD0}
-149.881737,61.1863970000001,18,Anchorage,Midtown Post Office,Post Office,3721 B St,Anchorage,AK,99503-9998,+ 1 (907) 273-5877,+ 1 (907) 273-5860,2023/08/25 08:00:00+00,1373018,{41989645-CCA3-466B-9817-909C7EBD3FF1},{96D40769-F085-4710-9CA6-BA578D8DE864}
-149.735551,61.1975650000001,19,Anchorage,Muldoon Post Office,Post Office,2420 Muldoon Rd,Anchorage,AK,99504-3673,+ 1 (907) 333-0053,+ 1 (907) 333-3291,2023/08/25 08:00:00+00,1374209,{41989645-CCA3-466B-9817-909C7EBD3FF1},{1EC06FE0-E3B6-42E8-A613-6F93037E7200}
-149.889051,61.217067,20,Anchorage,Anchorage Postal Store,Post Office,320 W 5th Ave Ste 348,Anchorage,AK,99501-2351,+ 1 (907) 276-6790,,2023/08/25 08:00:00+00,1378221,{41989645-CCA3-466B-9817-909C7EBD3FF1},{0CAD7C22-6C90-4FF0-8797-1883A9032AC7}
-149.810655,61.214569,21,Anchorage,Russian Jack Post Office,Post Office,801 Northway Dr,Anchorage,AK,99508-9998,+ 1 (907) 272-1356,+ 1 (907) 272-1496,2023/08/25 08:00:00+00,1380145,{41989645-CCA3-466B-9817-909C7EBD3FF1},{A906C560-0422-4B7A-804E-98CF599D8A31}
-149.920535,61.151419,22,Anchorage,Sand Lake Post Office,Post Office,2200 Strawberry Rd,Anchorage,AK,99502-9992,+ 1 (907) 349-2551,+ 1 (907) 344-5109,2023/08/25 08:00:00+00,1380673,{41989645-CCA3-466B-9817-909C7EBD3FF1},{2F3BD8E3-7391-4C0D-8A64-C300BEE635AA}
-149.915786,61.1961240000001,23,Anchorage,Spenard Post Office,Post Office,1601 W Northern Lights Blvd,Anchorage,AK,99517-3315,+ 1 (907) 258-6733,+ 1 (907) 258-6752,2023/08/25 08:00:00+00,1382460,{41989645-CCA3-466B-9817-909C7EBD3FF1},{4A4AC112-3D97-4251-BEE7-09C943231B84}
-149.190764,64.3433620000001,24,Anderson,Anderson Post Office,Post Office,260 W 1st St,Anderson,AK,99744-9800,+ 1 (907) 582-2992,,2023/08/25 08:00:00+00,1439370,{3999FA6E-F8E0-4528-9406-C991F8BB8C52},{1DDAE708-FEA8-4887-A439-1FB4FA27A071}
-134.580949,57.499537,25,Angoon,Angoon Post Office,Post Office,705 Aandeinatt St,Angoon,AK,99820-9800,+ 1 (907) 788-3442,+ 1 (970) 788-3350,2023/08/25 08:00:00+00,1353090,{B81542E6-6232-4F35-AEC4-F6C46F2BBDE1},{102ADF15-A768-40D0-9517-D6CDFF71C232}
-159.543217,61.5830680000001,26,Aniak,Aniak Post Office,Post Office,101 Boundary Ave,Aniak,AK,99557-9800,+ 1 (907) 675-4314,+ 1 (907) 675-4516,2023/08/25 08:00:00+00,1353095,{4D22DC8A-9F5A-4C83-B835-F1133D6A8060},{847B7BB1-4FFE-49C5-B8F7-CB4028C3467E}
-160.197065,62.6524630000001,27,Anvik,Anvik Post Office,Post Office,9998 Main St,Anvik,AK,99558-9800,+ 1 (907) 663-6325,+ 1 (907) 663-6336,2023/08/25 08:00:00+00,1353173,{AED9D55C-5519-4DA0-A4A7-28349D8498CD},{A9E90CA8-2979-4B29-A0B1-F75B0E2040F7}
-145.53226,68.1276010000001,28,Arctic Village,Arctic Village Post Office,Post Office,9998 Bridge St,Arctic Village,AK,99722-9800,+ 1 (907) 587-5314,+ 1 (907) 587-5395,2023/08/25 08:00:00+00,1353278,{3FD9E5F5-DE1E-47BC-A8FC-ECEFCA7C2EA8},{0CDD94E5-CAD1-4CD3-B422-C0548FBD593F}
-174.203416,52.2102620000001,29,Atka,Atka Post Office,Post Office,1 Atxax Way,Atka,AK,99547-9800,+ 1 (907) 839-2214,,2023/08/25 08:00:00+00,1439371,{C80F8014-AF4E-4834-B4A8-DED62C0786C1},{2FFF6D74-8D69-47DD-B2D8-FF544DA7DCFD}
-162.274164,60.8632030000001,30,Atmautluak,Atmautluak Post Office,Post Office,6500 Atmautluak Rd,Atmautluak,AK,99559-9801,+ 1 (907) 553-5901,,2023/08/25 08:00:00+00,1439372,{887F3239-34EE-4A3A-9B7A-522E212DA730},{4E43A9E7-3551-4362-A059-AD261625BF31}
-157.4229,70.4815280000001,31,Atqasuk,Atqasuk Post Office,Post Office,4010 Shugluk St,Atqasuk,AK,99791-9800,+ 1 (907) 633-6212,,2023/08/25 08:00:00+00,1439373,{A79A606F-AA69-4994-A5A0-5E8AFE9EBA9A},{68D03EA5-CDF0-4015-A838-932167026CA3}
-156.769088,71.2977280000001,32,Utqiagvik,Barrow Post Office,Post Office,3080 Eben Hobson St,Barrow,AK,99723-9800,+ 1 (907) 852-6800,+ 1 (907) 852-5075,2023/08/25 08:00:00+00,1354101,{2697EF3A-7387-4208-B455-A046543D1AA7},{CA670C12-E444-4BB5-BC07-BD179A699AAE}
-147.397363,66.359898,33,Beaver,Beaver Post Office,Post Office,400 C St,Beaver,AK,99724-9800,+ 1 (907) 628-6326,+ 1 (907) 628-6327,2023/08/25 08:00:00+00,1354351,{FF43C1B1-9D83-4F8A-B3B2-E404ACC9D5B1},{F94EC37D-CA84-4618-83AA-915DEA211012}
-161.794175,60.785469,34,Bethel,Bethel Post Office,Post Office,1484 Chief Eddy Hoffman Hwy,Bethel,AK,99559-9800,+ 1 (907) 543-2525,+ 1 (907) 543-2010,2023/08/25 08:00:00+00,1354814,{7B1302D1-C2B4-402C-8C43-141B93681692},{FAA02E1C-1D01-481B-8E01-EA96E42A759F}
-151.516088,66.9170110000001,35,Bettles,Bettles Field Post Office,Post Office,1 Front St,Bettles Field,AK,99726-9800,+ 1 (907) 692-5236,+ 1 (907) 692-5237,2023/08/25 08:00:00+00,1354848,{C4674250-987C-40CD-B550-D246607343D4},{CF62900E-C9AE-4FAD-987C-E6E6A8F437BB}
-149.818168,61.551067,36,Big Lake,Big Lake Contract Postal Unit,Contract Postal Unit,2809 Big Lake Rd,Big Lake,AK,99652-9800,+ 1 (907) 892-6101,,2023/08/25 08:00:00+00,1439376,{2AA584CB-3B03-4D75-8F91-A995C37D4C4D},{68291A61-6767-4CF1-86BF-93980FB2CD41}
-166.487328,65.335048,37,Brevig Mission,Brevig Mission Post Office,Post Office,9998 Kugshi Rd,Brevig Mission,AK,99785-9800,+ 1 (907) 642-4061,+ 1 (907) 642-6128,2023/08/25 08:00:00+00,1355774,{01088110-F1CF-4DF6-A7C8-446D20A2B257},{4078D9F4-D0C8-4EE4-B970-33077235F573}
-161.132322,65.9770830000001,38,Buckland,Buckland Post Office,Post Office,17 Betty Ave,Buckland,AK,99727-9800,+ 1 (907) 494-2151,+ 1 (907) 494-2164,2023/08/25 08:00:00+00,1356223,{2FD931D4-12DB-45C2-834A-4B4559E54BA5},{382018E1-9D8B-41BF-BAC0-E0C5BFFD96D7}
-148.900919,63.3919460000001,39,Cantwell,Cantwell Post Office,Post Office,210 George Parks Hwy,Cantwell,AK,99729-9800,+ 1 (907) 768-2292,+ 1 (907) 768-2292,2023/08/25 08:00:00+00,1356910,{E263C114-3707-494D-84BF-BCBDC754E133},{8B806A71-926E-42BA-B2B7-FE5743278328}
-144.809886,65.5710800000001,40,Central,Central Post Office,Post Office,128 Steese Hwy,Central,AK,99730-9800,+ 1 (907) 520-5959,+ 1 (907) 520-5960,2023/08/25 08:00:00+00,1357498,{5729F5A2-2D55-4611-8C20-838834BEA9AA},{4646E8F2-E1F3-4064-9709-6783079F9819}
-143.72831,66.649236,41,Chalkyitsik,Chalkyitsik Post Office,Post Office,9788 Chalkyitsik Rd,Chalkyitsik,AK,99788-9800,+ 1 (907) 848-8128,,2023/08/25 08:00:00+00,1439379,{98D5F010-433A-452A-8E40-1DC756B3B809},{2F24FF69-9960-4E9A-8266-F171C6F4C71B}
-164.28131,60.158347,42,Chefornak,Chefornak Post Office,Post Office,500 Boardwalk St,Chefornak,AK,99561-9800,+ 1 (907) 867-8215,+ 1 (907) 867-8216,2023/08/25 08:00:00+00,1357764,{A446B551-74BE-4F56-B131-523C342C41BA},{C9A71D42-6A0D-4885-86DC-2249778DE555}
-148.011244,60.0668800000001,43,Chenega,Chenega Bay Post Office,Post Office,8098 Chenega Bay Rd,Chenega Bay,AK,99574-9801,+ 1 (907) 573-5177,,2023/08/25 08:00:00+00,1439380,{05CB5D5F-15BA-4574-8F40-04CAFA9B5770},{DD991190-488B-4DD2-ABC5-B6804E097F0E}
-165.59051,61.5286,44,Chevak,Chevak Post Office,Post Office,9998 Chevak Rd,Chevak,AK,99563-9800,+ 1 (907) 858-7213,+ 1 (907) 858-7223,2023/08/25 08:00:00+00,1357888,{8ECE306F-1205-474A-AF5D-5A82326AFDD3},{6C3DF5C4-EF1C-4FCB-AB86-CBEE41B9A41C}
-141.941053,64.0756200000001,45,Chicken,Chicken Post Office,Post Office,66 Taylor Hwy,Chicken,AK,99732-9800,+ 1 (907) 261-5421,,2023/08/25 08:00:00+00,1357913,{0C46910A-CF22-422A-A69E-499EC6219D46},{57256E30-EF68-4625-ADBE-716B9F03654A}
-158.404437,56.294973,46,Chignik,Chignik Post Office,Post Office,101 Main St,Chignik,AK,99564-9800,+ 1 (907) 749-2220,+ 1 (907) 749-2223,2023/08/25 08:00:00+00,1357924,{99F023D0-9290-48CE-8E68-5683A57192DC},{C3BFE2FC-CD89-4FAE-818C-38348613B811}
-158.40603,56.293547,47,Chignik Lagoon,Chignik Lagoon Post Office,Post Office,100 Airport Dr,Chignik Lagoon,AK,99565-9800,+ 1 (907) 840-2232,+ 1 (907) 840-2202,2023/08/25 08:00:00+00,1357922,{5FBF89C8-6F1F-4610-B81F-18286B0993C8},{9B2FFD3C-6E5C-4168-851A-B114E812AA01}
-158.76626,56.2552230000001,48,Chignik Lake,Chignik Lake Post Office,Post Office,100 Postal Way,Chignik Lake,AK,99548-9800,+ 1 (907) 749-2220,,2023/08/25 08:00:00+00,1439382,{F821657B-F119-4950-BB18-F827B06C680C},{6AE4DBD8-7B5C-457E-8B33-787BFFFCAD97}
-152.364848,57.6169630000001,49,Chiniak,Chiniak Post Office,Post Office,36158 Chiniak Hwy,Chiniak,AK,99615-9801,+ 1 (907) 486-0838,,2023/08/25 08:00:00+00,1439383,{9C0DF89A-A248-470E-82A5-F25ED75A098A},{CAD3F7B1-69C7-41CA-A398-1209A57EA2D2}
-144.441496,61.5201880000001,50,Chitina,Chitina Post Office,Post Office,400 D St,Chitina,AK,99566-9800,+ 1 (907) 823-2225,,2023/08/25 08:00:00+00,1357981,{5CD6634F-015C-4D3A-8F00-755FB6A3D186},{4229DC6D-2B67-4B41-88F5-7652A1F940A2}
-159.226218,61.5789270000001,51,Chuathbaluk,Chuathbaluk Post Office,Post Office,8999 Chuathbaluk Rd,Chuathbaluk,AK,99557-9801,+ 1 (907) 467-4030,,2023/08/25 08:00:00+00,1439384,{493BC9A8-7869-476D-9319-B88C76EB388A},{8B3CF16B-DE6E-4BD3-B8A6-E352F4F6B0B9}
-149.468302,61.4008590000001,52,Chugiak,Chugiak Post Office,Post Office,22255 Dogsled Ct,Chugiak,AK,99567-9997,+ 1 (907) 688-2747,+ 1 (907) 688-1498,2023/08/25 08:00:00+00,1358023,{E1126274-8E5A-4696-914E-4CBC91C33643},{D54823EA-E0F1-4BFF-BBE4-21BE000000B4}
-144.070205,65.8234630000001,53,Circle,Circle Post Office,Post Office,161 Steese Hwy,Circle,AK,99733-9800,+ 1 (907) 773-1220,+ 1 (907) 773-1218,2023/08/25 08:00:00+00,1358068,{98B27D83-9E27-4EE6-A6AB-CEED07523629},{67752206-0767-4AF4-92DD-C2C57BD63130}
-151.402267,60.226431,54,Clam Gulch,Clam Gulch Post Office,Post Office,65790 Sterling Hwy,Clam Gulch,AK,99568-9753,+ 1 (907) 262-5137,+ 1 (907) 262-7821,2023/08/25 08:00:00+00,1358123,{EC16CE1C-0D9C-429D-A6DE-133FCC9D3FF9},{B1AAD043-FD1C-4B27-A8FC-02B312C09B85}
-158.547515,58.8346780000001,55,Clark's Point,Clarks Point Post Office,Post Office,11 Main St,Clarks Point,AK,99569-9800,+ 1 (907) 236-1270,,2023/08/25 08:00:00+00,1358184,{16FFACBB-CCBD-4A00-829F-F89904105FD5},{5E2C248D-8D0C-48AE-B617-165F663ECB61}
-149.186777,64.3479730000001,56,Clear,Clear Post Office,Post Office,202 A St Stop 1047,Clear,AK,99704-5360,+ 1 (907) 582-2650,,2023/08/25 08:00:00+00,1439385,{EDA4CF54-30B2-4BD0-9587-8C4C2B8F39D3},{62D01208-60A0-42F9-84C3-9D695F258760}
-132.829144,56.015004,57,Coffman Cove,Coffman Cove Contract Postal Unit,Contract Postal Unit,101 Nw Kodiak Ave,Coffman Cove,AK,99918-9800,+ 1 (907) 329-2317,,2023/08/25 08:00:00+00,1439386,{1F684F46-814E-4675-B09B-A8449105B5E9},{A4229426-BD64-4E45-9CCC-CACBA9B5BFFB}
-162.716857,55.2021940000001,58,Cold Bay,Cold Bay Post Office,Post Office,1 Letty Ave,Cold Bay,AK,99571-9800,+ 1 (907) 532-2464,+ 1 (907) 532-5138,2023/08/25 08:00:00+00,1358599,{E5A46A8B-30C9-4FDF-A19D-A6A96277A26C},{52D73E8C-7CC9-4BA3-ABF9-7E76DA669427}
-149.811789,60.4895880000001,59,Cooper Landing,Cooper Landing Post Office,Post Office,38741 Snug Harbor Rd,Cooper Landing,AK,99572-9798,+ 1 (907) 595-1234,+ 1 (907) 595-1695,2023/08/25 08:00:00+00,1359175,{CB929A5F-AF01-4DE3-8855-87193B97F75F},{ED67B1BA-B520-4A72-9CBE-57FA0C021262}
-145.300491,61.960136,60,Copper Center,Copper Center Post Office,Post Office,101.5 Old Richardson Hwy,Copper Center,AK,99573-9800,+ 1 (907) 822-3472,+ 1 (907) 822-5840,2023/08/25 08:00:00+00,1359207,{609CFD2F-EC75-4F32-BDD7-C33D0C9FECE2},{0097F1C9-CD1A-40E4-A61F-57B237C5B4F3}
-145.760538,60.545077,61,Cordova,Cordova Post Office,Post Office,502 Railroad Ave,Cordova,AK,99574-9800,+ 1 (907) 424-3564,+ 1 (907) 424-5643,2023/08/25 08:00:00+00,1359252,{3921BE55-50DD-4433-8958-D5D2F2D001AE},{A71DA678-72FD-4CED-968C-E55539965C27}
-133.138332,55.4774630000001,62,Craig,Craig Post Office,Post Office,303 Thompson Rd,Craig,AK,99921-9800,+ 1 (907) 826-3298,+ 1 (907) 826-2130,2023/08/25 08:00:00+00,1359718,{CAEF7CF3-5B35-45C3-9D11-A9E32B99E79B},{93DB0408-8EEB-4FC9-A4A8-9BAD9185FE3A}
-158.131889,61.868415,63,Crooked Creek,Crooked Creek Post Office,Post Office,500 Airport Rd,Crooked Creek,AK,99575-9800,+ 1 (907) 432-2236,+ 1 (907) 432-2246,2023/08/25 08:00:00+00,1439389,{8B69F4F5-9833-40B1-B264-CBE2A5544BC8},{2B6D5247-9EB6-40C9-BCBF-3133660E2864}
-162.720347,66.0750080000001,64,Deering,Deering Post Office,Post Office,59B B St,Deering,AK,99736-9800,+ 1 (907) 363-2139,+ 1 (907) 363-2189,2023/08/25 08:00:00+00,1360539,{A2CE0B1C-09FD-4927-A2E9-B20CC0109806},{D0749F2C-530B-42B2-A790-7B771D18ED4F}
-145.734768,64.0430640000001,65,Delta Junction,Delta Junction Post Office,Post Office,266 Richardson Hwy,Delta Junction,AK,99737-9800,+ 1 (907) 895-4601,+ 1 (907) 895-4712,2023/08/25 08:00:00+00,1360635,{763EEB4F-118C-4AEA-A931-D707FE999A12},{DE1475B0-489D-4704-BEC1-FC5C3908B17F}
-148.89211,63.730214,66,Denali Park,Denali National Park Post Office,Post Office,55998 Denali Park Rd,Denali National Park,AK,99755-9800,+ 1 (907) 683-2291,,2023/08/25 08:00:00+00,1360657,{10BA1AD9-39AC-440F-BCE9-40BC75DAD436},{E8CBF690-2E6E-45E0-A356-60921F166582}
-158.46257,59.0412470000001,67,Dillingham,Dillingham Post Office,Post Office,114 D St,Dillingham,AK,99576-9800,+ 1 (907) 842-5633,+ 1 (907) 842-4512,2023/08/25 08:00:00+00,1360863,{08E18522-8DAC-4DFC-975E-26751FE81958},{B85C79A3-1135-44B9-83A2-603E6E670360}
-134.393534,58.276233,68,Douglas,Douglas Post Office,Post Office,804 3rd St,Douglas,AK,99824-5412,+ 1 (907) 364-2445,+ 1 (907) 586-7155,2023/08/25 08:00:00+00,1439392,{5C5B2A9F-554B-4E45-BCE1-FC861227421C},{B1ADDFC4-95F4-419D-B6C8-E0C1FB152687}
-166.554781,53.8841330000001,69,Unalaska,Dutch Harbor Post Office,Post Office,1745 Airport Beach Rd,Dutch Harbor,AK,99692-9800,+ 1 (907) 581-1657,+ 1 (907) 581-4141,2023/08/25 08:00:00+00,1439394,{F020D8C7-7FD0-4AFE-85DC-43D1C0A0B5F0},{BC3272D1-B161-4DA4-A5E1-3AABDE94823C}
-141.202672,64.786861,70,Eagle,Eagle Post Office,Post Office,200 Jefferson St,Eagle,AK,99738-9800,+ 1 (907) 547-2211,+ 1 (907) 574-2262,2023/08/25 08:00:00+00,1361586,{99E4149C-E691-4714-88EC-9EDCEF72C195},{F314528F-73CB-4E14-AA27-B7C404FF532F}
-149.57559,61.3244080000001,71,Eagle River,Eagle River Post Office,Post Office,11471 Business Blvd,Eagle River,AK,99577-9998,+ 1 (907) 694-2732,+ 1 (907) 694-1723,2023/08/25 08:00:00+00,1361596,{4B5629C0-F411-485E-B5C2-E5C9EADD9869},{4A3BA2A6-2361-4CFC-A1E1-EE6C57BFCA9A}
-133.635189,55.9669720000001,72,Edna Bay,Edna Bay Contract Postal Unit,Contract Postal Unit,1 Edna Bay Rd,Edna Bay,AK,99901-9803,+ 1 (907) 594-6301,,2023/08/25 08:00:00+00,1439396,{85B7409D-F9A3-4D1C-8587-BA31448CD26E},{05F1E966-3719-4F29-81CE-8D717C3B3C98}
-162.025827,60.2158410000001,73,Eek,Eek Post Office,Post Office,9998 1st St,Eek,AK,99578-9800,+ 1 (907) 536-5726,+ 1 (907) 536-5745,2023/08/25 08:00:00+00,1362135,{59543E82-DA08-4E48-BAA3-B0E7C0FF4767},{7212F35B-B67E-4A55-BF25-FEF08CE3D5BB}
-157.374899,58.2088140000001,74,Egegik,Egegik Post Office,Post Office,1 School Rd,Egegik,AK,99579-9800,+ 1 (907) 233-2226,+ 1 (907) 223-2251,2023/08/25 08:00:00+00,1362146,{F7D03E2F-5588-4343-BE94-44E824B7A836},{2A3F6C6C-37B2-4FD0-984C-C06B9CD847D0}
-147.094773,64.6778370000001,75,Eielson AFB,Eielson AFB Post Office,Post Office,365 Kodiak St,Eielson Afb,AK,99702-5300,+ 1 (907) 372-6300,+ 1 (907) 372-1209,2023/08/25 08:00:00+00,1439397,{A74F371F-C334-4DC3-88A4-A4FCC1B1E8FD},{83F26E28-839C-4A3C-A5F0-8DDD9CCE4F84}
-157.474936,59.3504120000001,76,Ekwok,Ekwok Post Office,Post Office,1 Postal Way,Ekwok,AK,99580-9800,+ 1 (907) 464-3316,+ 1 (907) 464-3328,2023/08/25 08:00:00+00,1362167,{FAF5958B-8A56-4E28-B3B1-66B772A5A166},{FC02C1B5-8D90-44F1-970F-0E6EC60E7BC7}
-136.345512,58.193388,77,Elfin Cove,Elfin Cove Post Office,Post Office,1 Main St,Elfin Cove,AK,99825-9800,+ 1 (907) 239-2228,+ 1 (907) 239-2228,2023/08/25 08:00:00+00,1362254,{4BAA8104-672E-401E-88E8-341E10A478B8},{74E7035B-F2BF-448C-A539-35BAC80A03A6}
-162.260659,64.6173240000001,78,Elim,Elim Post Office,Post Office,1 Main St,Elim,AK,99739-9800,+ 1 (907) 890-3431,+ 1 (907) 890-3431,2023/08/25 08:00:00+00,1362273,{962DB38D-BABD-43F0-AF8E-6B3C0964C131},{43398027-02D7-4141-90F6-721BB2687365}
-164.523758,62.777587,79,Emmonak,Emmonak Post Office,Post Office,9998 Kwiguk St,Emmonak,AK,99581-9800,+ 1 (907) 949-1929,+ 1 (907) 949-1949,2023/08/25 08:00:00+00,1362571,{6E142FF4-3A51-4D60-9F7A-8B65E66A9133},{EAFC8167-C8A5-478C-ACC1-D1301E4C5E8A}
-148.019716,64.8452360000001,80,Ester,Ester Post Office,Post Office,501 Village Rd,Ester,AK,99725-9800,+ 1 (907) 479-2050,+ 1 (907) 479-2674,2023/08/25 08:00:00+00,1362753,{C975E5F6-90CB-420B-9766-C43941847789},{1A26ED80-65BF-4631-A086-7C2380F7B6F5}
-147.828064,64.848416,81,Fairbanks,College Post Office,Post Office,755 Fairbanks St,Fairbanks,AK,99709-9997,+ 1 (907) 479-6021,+ 1 (907) 479-8613,2023/08/25 08:00:00+00,1439388,{7102AFBB-6F0A-4C7A-92FF-6F5A6D66AB18},{852E8026-022D-4026-AE81-DE55D4FC679A}
-150.180266,67.251605,82,Coldfoot,Coldfoot Contract Postal Unit,Contract Postal Unit,9000 Dalton Hwy,Fairbanks,AK,99709-9800,+ 1 (907) 678-5204,,2023/08/25 08:00:00+00,1439387,{1210EAEB-20DF-40DD-8BAB-A09C48AE9887},{2EF72E77-FC09-4703-BE5E-A96731C17366}
-147.630966,64.887976,83,Fairbanks,Steese Contract Postal Unit,Contract Postal Unit,646 Rohloff St,Fairbanks,AK,99712-2323,+ 1 (907) 456-4258,+ 1 (907) 457-6321,2023/08/25 08:00:00+00,1439446,{7102AFBB-6F0A-4C7A-92FF-6F5A6D66AB18},{67FB7AED-1242-44E1-979D-03CF21FCD0C9}
-146.880364,64.8800180000001,84,Two Rivers,Two Rivers Contract Postal Unit,Contract Postal Unit,7291 Chena Hot Springs Rd,Fairbanks,AK,99712-3798,+ 1 (907) 488-2349,,2023/08/25 08:00:00+00,1439458,{2416B7D2-6E1E-47A0-8550-530D41B50117},{179AC111-6DC1-40E6-82B5-8ADBA9EFA74B}
-147.723458,64.842568,85,Fairbanks,Fairbanks Downtown Post Office,Post Office,315 Barnette St,Fairbanks,AK,99701-4532,+ 1 (907) 452-3223,+ 1 (907) 452-3243,2023/08/25 08:00:00+00,1361212,{7102AFBB-6F0A-4C7A-92FF-6F5A6D66AB18},{D1ACA311-70A2-4832-AC93-60981C3B6337}
-147.881225,64.815682,86,Fairbanks,Fairbanks Main Post Office,Post Office,5400 Mail Trail Rd,Fairbanks,AK,99709-9998,+ 1 (907) 455-5444,+ 1 (907) 455-5480,2023/08/25 08:00:00+00,1439417,{7102AFBB-6F0A-4C7A-92FF-6F5A6D66AB18},{616D492B-E394-4755-9AC7-C1F7D3E5C925}
-163.410789,54.849368,87,False Pass,False Pass Post Office,Post Office,170 Umiak Dr,False Pass,AK,99583-9800,+ 1 (907) 548-2243,+ 1 (907) 548-2257,2023/08/25 08:00:00+00,1363106,{223C147A-542C-4057-8AE2-C5C99FC10AB1},{FD3DB4C8-C79A-4A15-A309-69C4AE335B2D}
-145.735048,63.9562020000001,88,Fort Greely,Fort Greely Contract Postal Unit,Contract Postal Unit,601 1st St,Fort Greely,AK,99731-9998,+ 1 (907) 895-4601,+ 1 (907) 895-4712,2023/08/25 08:00:00+00,1441534,{025A0F26-3C9F-4F08-ADB2-F18FEC8DF739},{17FB264F-3163-4C3A-B0C1-0A55D1D333B7}
-147.642119,64.8273730000001,89,Fort Wainwright,Fort Wainwright Post Office,Post Office,3726 Neely Rd,Fort Wainwright,AK,99703-8424,+ 1 (907) 356-7602,+ 1 (907) 356-3510,2023/08/25 08:00:00+00,1439402,{3D0376C5-5127-4959-91EA-4BDA2B041AD6},{1CF9AFD1-F399-42CD-87FC-2070E335BA7D}
-145.249058,66.5636000000001,90,Fort Yukon,Fort Yukon Post Office,Post Office,9998 E 3rd Ave,Fort Yukon,AK,99740-9800,+ 1 (907) 662-2335,+ 1 (907) 662-3162,2023/08/25 08:00:00+00,1363869,{641D75DC-10FB-4C68-9F27-A8720C97B6C0},{660458EF-5F91-473C-AE22-E9036C9611B7}
-145.281623,62.303385,91,Gakona,Gakona Post Office,Post Office,2.5 Tok Cutoff,Gakona,AK,99586-9800,+ 1 (907) 822-3542,+ 1 (907) 822-5347,2023/08/25 08:00:00+00,1364319,{ED284F88-6827-4DC4-B028-5F0BFA6CF129},{3DF6676D-C4C1-4077-BC3E-445EFB788B13}
-156.929844,64.733502,92,Galena,Galena Post Office,Post Office,511 Galena Rd,Galena,AK,99741-9800,+ 1 (907) 656-1262,+ 1 (907) 656-1583,2023/08/25 08:00:00+00,1364329,{9CB98028-F75A-4D46-A951-AB787D2CF82E},{DF903482-3C98-4A13-99E4-BB9F96ED1071}
-171.724249,63.7781130000001,93,Gambell,Gambell Post Office,Post Office,9998 Saint Lawrence Is,Gambell,AK,99742-9800,+ 1 (907) 985-5213,+ 1 (907) 985-5260,2023/08/25 08:00:00+00,1364386,{961462BD-8155-4FFF-863B-A652CC389066},{EE875C2E-6D22-4798-A5F2-824F1B033D60}
-149.133523,60.964186,94,Girdwood,Girdwood Post Office,Post Office,118 Lindblad Ave,Girdwood,AK,99587-9800,+ 1 (907) 783-2922,+ 1 (907) 783-1280,2023/08/25 08:00:00+00,1364822,{CD547D99-6D12-4842-81D6-4087A40EA80A},{05390AF6-779D-48B2-8807-35D6D33B2C08}
-145.529632,62.109652,95,Glennallen,Glennallen Post Office,Post Office,9998 Aurora Dr,Glennallen,AK,99588-9800,+ 1 (907) 822-3273,+ 1 (907) 822-3745,2023/08/25 08:00:00+00,1364976,{0F6D14AC-19B0-4FFB-87AF-FBC82152C2A8},{E5DD2303-9864-4322-BBD9-E841F935A0E3}
-163.406479,64.680776,96,Golovin,Golovin Post Office,Post Office,100 Main St,Golovin,AK,99762-9802,+ 1 (907) 443-2401,,2023/08/25 08:00:00+00,1439404,{D18E8CFB-89C1-437A-ADAA-399023E0587C},{69C8522C-D8E9-4D54-868B-527E9EE33B71}
-161.586587,59.1181110000001,97,Goodnews Bay,Goodnews Bay Post Office,Post Office,9998 Goodnews Bay St,Goodnews Bay,AK,99589-9800,+ 1 (907) 967-8510,+ 1 (907) 967-8633,2023/08/25 08:00:00+00,1365141,{86CBBCFB-1DC1-4C75-A1A2-84F6C19F0635},{238333D2-A24D-4DC5-BEBF-766D7ECB018A}
-160.067835,62.9068140000001,98,Grayling,Grayling Post Office,Post Office,1 Postal Way,Grayling,AK,99590-9800,+ 1 (907) 453-5155,,2023/08/25 08:00:00+00,1365474,{DD04D244-B150-4D0C-83D9-26AAE567CC97},{131CCFAC-BD3C-4452-B27C-8A3AACC46C1C}
-135.70774,58.4203900000001,99,Gustavus,Gustavus Post Office,Post Office,123 Postmark Dr,Gustavus,AK,99826-9800,+ 1 (907) 697-2202,+ 1 (907) 697-2202,2023/08/25 08:00:00+00,1365874,{3D5231FD-4F19-414E-A871-FAFF3941FF8F},{F1988BB7-79CB-42E7-BA18-99364F2D221F}
-135.4442,59.229945,100,Haines Borough,Haines Post Office,Post Office,55 Haines Hwy,Haines,AK,99827-9800,+ 1 (907) 766-2930,+ 1 (907) 766-2932,2023/08/25 08:00:00+00,1365954,{EE7CEC95-7451-4BA9-B25F-B1C7F2362518},{96786C71-32B7-4993-84CA-355A1DD20BAF}
-149.016592,63.8765940000001,101,Healy,Healy Post Office,Post Office,9998 Coal St,Healy,AK,99743-9800,+ 1 (907) 683-2263,+ 1 (907) 683-2367,2023/08/25 08:00:00+00,1366610,{8905A89B-A676-4C0A-BEB5-C17AD570F833},{FD77FDC8-48D6-4981-B21D-3A78716ECE3A}
-159.771754,62.1973620000001,102,Holy Cross,Holy Cross Post Office,Post Office,100 4th St,Holy Cross,AK,99602-9800,+ 1 (907) 476-7133,+ 1 (907) 476-7274,2023/08/25 08:00:00+00,1367273,{6F84CE74-EDA0-4424-A080-4A7C0F08E5DF},{FDB7C97B-89A4-4E19-B27E-38316BD57BFF}
-151.245542,59.593235,103,Homer,Halibut Cove Post Office,Post Office,6400 Boat Dock Lndg,Homer,AK,99603-9802,+ 1 (907) 235-6120,,2023/08/25 08:00:00+00,1439405,{74B62695-129C-4E06-A228-C50EFCC9A872},{0DED35BA-A1F1-44B7-A37D-911D020F1CF5}
-151.529035,59.6434600000001,104,Homer,Homer Post Office,Post Office,3658 Heath St,Homer,AK,99603-9998,+ 1 (907) 235-6120,+ 1 (907) 235-6122,2023/08/25 08:00:00+00,1367298,{74B62695-129C-4E06-A228-C50EFCC9A872},{56488CEB-EBF8-4BC1-B1CB-488FCB8C8262}
-151.529062,59.643473,105,Homer,Nanwalek Post Office,Post Office,8028 Nanwalek Way,Homer,AK,99603-9801,+ 1 (907) 235-6120,,2023/08/25 08:00:00+00,1439421,{74B62695-129C-4E06-A228-C50EFCC9A872},{C89DB7B6-09F5-4AA4-9EE9-3A01966B2140}
-151.830551,59.3496440000001,106,Homer,Port Graham Post Office,Post Office,5548 Graham Rd,Homer,AK,99603-9803,+ 1 (907) 284-2220,,2023/08/25 08:00:00+00,1439437,{74B62695-129C-4E06-A228-C50EFCC9A872},{825124A3-6E0A-4AC6-9655-EC09A480C8BF}
-135.444153,58.109767,107,Hoonah,Hoonah Post Office,Post Office,420 Airport Dr,Hoonah,AK,99829-9800,+ 1 (907) 945-3260,+ 1 (907) 945-3268,2023/08/25 08:00:00+00,1367350,{67C77481-D454-4AD4-8099-C6A3005285DE},{35BBF9E3-60C1-4EC4-9103-75A056626167}
-166.101652,61.531682,108,Hooper Bay,Hooper Bay Post Office,Post Office,1 Uniaq Ave,Hooper Bay,AK,99604-9800,+ 1 (907) 758-4420,+ 1 (907) 758-4532,2023/08/25 08:00:00+00,1367352,{8D01840C-135C-49A1-A1FE-5C63881EEF8A},{A3A3D5D1-7D01-452C-9E2E-7B08070B8E18}
-149.624323,60.9165600000001,109,Hope,Hope Post Office,Post Office,19059 Logman Ln,Hope,AK,99605-9800,+ 1 (907) 782-3352,+ 1 (907) 782-3747,2023/08/25 08:00:00+00,1367376,{B94A5304-F56C-49FE-A615-8E72E73F6255},{A3444346-6F50-4C21-9E15-09F1B8DF358A}
-149.811307,61.6297260000001,110,Houston,Houston Post Office,Post Office,17152 W Parks Hwy,Houston,AK,99694-9800,+ 1 (907) 892-6129,,2023/08/25 08:00:00+00,1439406,{15846556-C6AB-448D-B51D-2DE0E8727969},{ABF4737F-19BE-47C8-B9AA-16E8F1CB6711}
-154.259069,66.0467650000001,111,Hughes,Hughes Post Office,Post Office,110 Front St,Hughes,AK,99745-9800,+ 1 (907) 889-2218,+ 1 (907) 889-2229,2023/08/25 08:00:00+00,1367584,{9D089209-6790-456D-85A0-4D3282C8B989},{98344A62-9693-4DE1-BE74-ED5DA8B44994}
-156.390192,65.7014710000001,112,Huslia,Huslia Post Office,Post Office,34 Dakli St,Huslia,AK,99746-9800,+ 1 (907) 829-2206,+ 1 (907) 829-2288,2023/08/25 08:00:00+00,1367719,{049CEFC6-7BD3-4DA4-98C6-3D0DBE9942E3},{4236D226-089C-43BF-8AE8-DDF5DAE3C009}
-132.825473,55.2077980000001,113,Hydaburg,Hydaburg Post Office,Post Office,1 Postal Way,Hydaburg,AK,99922-9800,+ 1 (907) 285-3514,+ 1 (907) 285-3515,2023/08/25 08:00:00+00,1367770,{BDF65BBA-7D3D-4EFD-8DC7-59E48EA68082},{EFFAADE5-626B-4E99-8D0E-BE0B2584233B}
-130.029305,55.9186110000001,114,Hyder,Hyder Post Office,Post Office,100 Hyder Ave,Hyder,AK,99923-9800,+ 1 (250) 636-2662,+ 1 (250) 636-2662,2023/08/25 08:00:00+00,1367781,{BC2CDE0E-83BC-4AC5-8095-1EB202D71049},{96924E09-1CD0-4712-9924-33DA3F761350}
-155.894903,59.3267710000001,115,Igiugig,Igiugig Post Office,Post Office,4198 Main St,Igiugig,AK,99613-9801,+ 1 (907) 533-8001,,2023/08/25 08:00:00+00,1439407,{729C1584-C0E2-49D1-B9B4-275E3D55B9D1},{643EE4F7-C9BF-4C18-881C-DFE6CCAF82A5}
-154.872506,59.754511,116,Iliamna,Iliamna Post Office,Post Office,9998 Iliamna Airport Rd,Iliamna,AK,99606-9800,+ 1 (907) 571-1224,+ 1 (907) 571-1224,2023/08/25 08:00:00+00,1367845,{5ADEA6FC-9615-4F6E-9B68-F73ADD743B06},{47BF3304-8F9B-41DA-8A93-44405CA2D852}
-149.815835,61.2470960000001,117,Joint Base Elmendorf-Richardson,Elmendorf AFB Post Office,Post Office,10437 Kuter Ave,JBER,AK,99506-9998,+ 1 (907) 753-9089,+ 1 (907) 753-0658,2023/08/25 08:00:00+00,1439398,{3A66DA74-669C-477F-B7DF-732C814AA38A},{F3DFE17A-D3DF-467A-8840-99CCA2A5C74A}
-149.711933,61.2562060000001,118,Joint Base Elmendorf-Richardson,Fort Richardson Post Office,Post Office,724 Quartermaster Rd,JBER,AK,99505-9998,+ 1 (907) 428-3869,+ 1 (907) 428-0275,2023/08/25 08:00:00+00,1439401,{3A66DA74-669C-477F-B7DF-732C814AA38A},{C7264363-1ED4-4BF6-941B-F48E8A9F851F}
-134.649189,58.3872450000001,119,Juneau,Auke Bay Post Office,Post Office,11899 Glacier Hwy,Juneau,AK,99801-8628,+ 1 (907) 789-0680,+ 1 (907) 789-3484,2023/08/25 08:00:00+00,1439374,{E5B6208B-DD7F-4DBA-951C-0C5D616E79BF},{018A39E1-2DF9-46FD-86D3-F41555EC0DF2}
-134.405242,58.300602,120,Juneau,Kindred Post Contract Postal Unit,Contract Postal Unit,145 S Franklin St,Juneau,AK,99801-1396,+ 1 (907) 586-8335,,2023/08/25 08:00:00+00,1510296,{E5B6208B-DD7F-4DBA-951C-0C5D616E79BF},{D9D11EA0-346B-4D88-BC70-4AF3F203FE5B}
-134.420355,58.301561,121,Juneau,Federal Station Post Office,Post Office,709 W 9th St,Juneau,AK,99801-1807,+ 1 (907) 586-7987,+ 1 (907) 586-4112,2023/08/25 08:00:00+00,1363268,{E5B6208B-DD7F-4DBA-951C-0C5D616E79BF},{13EC2C0B-509A-4980-8DDB-05AD94D2FD9E}
-134.593189,58.372977,122,Juneau,Mendenhall Post Office,Post Office,9491 Vintage Blvd,Juneau,AK,99801-7111,+ 1 (907) 789-0934,+ 1 (907) 789-3484,2023/08/25 08:00:00+00,1372690,{E5B6208B-DD7F-4DBA-951C-0C5D616E79BF},{BF507451-798A-40B6-8F05-0B7A5A672852}
-133.922812,56.962703,123,Kake,Kake Post Office,Post Office,272 Keku Rd,Kake,AK,99830-9800,+ 1 (907) 785-3123,,2023/08/25 08:00:00+00,1368640,{2F5F6904-B47C-439D-9AC1-64135C4403A6},{1BC95115-C122-48AF-BFA9-F9E0B67352BE}
-143.613253,70.1271340000001,124,Kaktovik,Kaktovik Post Office,Post Office,2041 Barter Ave,Kaktovik,AK,99747-9800,+ 1 (907) 640-6420,+ 1 (907) 640-6418,2023/08/25 08:00:00+00,1368641,{9B8441F9-AEFE-4E1D-BD2C-725FCCBB0299},{60DDF19C-C6B3-46D4-96EA-20B72A5995CF}
-160.32096,61.538371,125,Upper Kalskag,Kalskag Post Office,Post Office,9998 Kalskag Rd,Kalskag,AK,99607-9800,+ 1 (907) 471-2221,+ 1 (907) 471-2520,2023/08/25 08:00:00+00,1368653,{50BD3072-1166-4F66-BB42-2E68C28DE654},{B9B7278C-31BD-4057-B270-AE931C29167C}
-158.725086,64.3277890000001,126,Kaltag,Kaltag Post Office,Post Office,100 6th Ave,Kaltag,AK,99748-9800,+ 1 (907) 534-2210,+ 1 (907) 534-2210,2023/08/25 08:00:00+00,1368654,{5790AC9E-408E-42C0-BDC7-490DB0451EAD},{E1D542B5-840A-4093-BCA8-20687AF331C8}
-154.43555,57.5639620000001,127,Karluk,Karluk Post Office,Post Office,1 Postal Way,Karluk,AK,99608-9800,+ 1 (907) 241-2223,+ 1 (907) 241-2227,2023/08/25 08:00:00+00,1368701,{BF30433A-BCB7-443D-A9C4-767CA6C76820},{6626C863-5CF1-4AAB-8CD3-576DD0F85377}
-132.402255,55.5407440000001,128,Kasaan,Kasaan Contract Postal Unit,Contract Postal Unit,1 Kasaan Rd,Kasaan,AK,99901-9804,+ 1 (907) 542-2212,,2023/08/25 08:00:00+00,1439409,{559A9BCF-E97B-4506-925E-E21FB8E9FED9},{4CE025D4-889B-4357-BAC4-1AA6A78213EC}
-162.517672,60.874539,129,Kasigluk,Kasigluk Post Office,Post Office,19 Nayagaam And Misvigmuit Rds,Kasigluk,AK,99609-9800,+ 1 (907) 477-6482,+ 1 (907) 477-6482,2023/08/25 08:00:00+00,1368710,{3816D857-92C5-45BF-B884-7D2529E878D4},{E2EB6F2D-8F01-4097-BCF1-BE3406726AE8}
-151.256914,60.324802,130,Kasilof,Kasilof Post Office,Post Office,23758 Kalifornsky Beach Rd,Kasilof,AK,99610-9700,+ 1 (907) 262-7458,+ 1 (907) 262-8492,2023/08/25 08:00:00+00,1368711,{CB8D5160-2521-4803-9207-2BBA48832C17},{024D16A9-DC03-4EB0-BFF4-A428521A617D}
-151.248232,60.557919,131,Kenai,Kenai Post Office,Post Office,140 Bidarka St,Kenai,AK,99611-9998,+ 1 (907) 283-7771,+ 1 (907) 283-5344,2023/08/25 08:00:00+00,1368821,{C4939227-7B0D-42C1-9C0D-69118EE45B96},{CE1DAC0B-0443-46F5-9051-56DEF89D6397}
-131.693635,55.355737,132,Ketchikan,Ketchikan Post Office,Post Office,3609 Tongass Ave,Ketchikan,AK,99901-9998,+ 1 (907) 225-9602,+ 1 (907) 247-1272,2023/08/25 08:00:00+00,1439410,{081D88E7-5D78-4E36-AC3C-F753262F026C},{5114AE87-C4D3-4824-9AF2-BB014FFC1EE2}
-160.433477,66.971998,133,Kiana,Kiana Post Office,Post Office,9998 Taylor And Kozak St,Kiana,AK,99749-9800,+ 1 (907) 475-2154,+ 1 (907) 475-2271,2023/08/25 08:00:00+00,1368992,{A1701483-F114-4FB2-A478-D0F6039C3EA8},{52E29F36-1420-463A-B3FA-64DEFFAEF208}
-162.313297,55.059067,134,King Cove,King Cove Post Office,Post Office,38 Windy Walkway,King Cove,AK,99612-9800,+ 1 (907) 497-2363,+ 1 (907) 497-3131,2023/08/25 08:00:00+00,1369060,{E3FB0AD1-05D8-4D22-919A-F24830556C1F},{90FF7919-F677-41A1-9864-110C95B76167}
-156.706669,58.699352,135,King Salmon,King Salmon Post Office,Post Office,13 Alaska Hwy,King Salmon,AK,99613-9800,+ 1 (907) 246-3396,+ 1 (907) 246-3582,2023/08/25 08:00:00+00,1369068,{DEFFD70D-72D8-4A79-B7DF-81586E965AFF},{1E13C169-518A-469A-B621-F586C81C11CC}
-164.032629,59.935641,136,Kipnuk,Kipnuk Post Office,Post Office,9998 Kipnuk Way,Kipnuk,AK,99614-9800,+ 1 (907) 896-5115,,2023/08/25 08:00:00+00,1369151,{6A1D2CBB-7422-4993-9496-87DE4AB29609},{5D3A6053-DCE9-496A-AE66-3C24342E5E7D}
-164.538902,67.7268690000001,137,Kivalina,Kivalina Post Office,Post Office,1 Postal Way,Kivalina,AK,99750-9800,+ 1 (907) 645-2168,+ 1 (907) 645-2188,2023/08/25 08:00:00+00,1369199,{88062838-37F6-4578-9FDD-4DBF5CACD276},{71F7ACF4-1B07-49B5-924E-47E445B6CA64}
-133.080542,55.552716,138,Klawock,Klawock Post Office,Post Office,6488 Klawock Hollis Hwy,Klawock,AK,99925-9800,+ 1 (907) 755-2977,+ 1 (907) 755-2550,2023/08/25 08:00:00+00,1369203,{F3CDD092-3609-4B82-9B09-D35DB0E7375F},{3F1C93E6-DBCE-4F23-B6EF-3E3F4239187F}
-156.882584,66.908827,139,Kobuk,Kobuk Post Office,Post Office,9998 Airport Rd,Kobuk,AK,99751-9800,+ 1 (907) 948-2227,+ 1 (907) 948-2227,2023/08/25 08:00:00+00,1369253,{319107E2-FB9A-474B-8237-6A8CFF382E09},{3C0C053A-F564-4326-B550-78B5FD66A3AF}
-152.408232,57.789091,140,Kodiak,Kodiak Station #1 Downtown Contract Postal Unit,Contract Postal Unit,111 W Rezanof Dr,Kodiak,AK,99615-6090,+ 1 (907) 486-5761,,2023/08/25 08:00:00+00,1439393,{98F61372-E8BA-41BD-8291-B2318BB0C9F0},{E1F84AF6-303A-4FFD-A645-0D015AA4089B}
-152.367522,57.8108290000001,141,Kodiak,Kodiak Station #2 Eastside Contract Postal Unit,Contract Postal Unit,2685 Mill Bay Rd,Kodiak,AK,99615-6995,+ 1 (907) 486-5775,+ 1 (907) 486-3489,2023/08/25 08:00:00+00,1439395,{98F61372-E8BA-41BD-8291-B2318BB0C9F0},{A88F7B75-9069-407B-9C66-34216CC5644A}
-152.501722,57.738592,142,Kodiak,USCG Branch Contract Post Office,Contract Postal Unit,26n Albatross Ave,Kodiak,AK,99615-6801,+ 1 (907) 487-5263,,2023/08/25 08:00:00+00,1439460,{98F61372-E8BA-41BD-8291-B2318BB0C9F0},{A13FA039-7F43-42B0-BFC0-C7F5D9DB63EB}
-152.403953,57.792562,143,Kodiak,Kodiak Post Office,Post Office,419 Lower Mill Bay Rd,Kodiak,AK,99615-9998,+ 1 (907) 486-4721,+ 1 (907) 486-5213,2023/08/25 08:00:00+00,1369257,{98F61372-E8BA-41BD-8291-B2318BB0C9F0},{F142977A-67BF-4B5A-A582-C0EF69757F41}
-154.76081,59.4449300000001,144,Kokhanok,Kokhanok Post Office,Post Office,998 Kokhanok Rd,Kokhanok,AK,99606-9801,+ 1 (907) 282-2202,,2023/08/25 08:00:00+00,1439412,{89EB5E58-676F-4DA4-9449-8BD556A1E98C},{86634F56-F416-4825-9FED-AEAD3E6CE79B}
-157.267007,59.7263380000001,145,Koliganek,Koliganek Post Office,Post Office,5098 Koliganek Rd,Koliganek,AK,99576-9802,+ 1 (907) 596-3434,,2023/08/25 08:00:00+00,1439413,{BF86DFB1-D998-4FF0-A370-8AF716F5C4BE},{4D5F0BE7-6086-4B51-B8BA-5B12C9301184}
-161.797301,60.7855900000001,146,Kongiganak,Kongiganak Post Office,Post Office,5198 Kongiganak Rd,Kongiganak,AK,99545-9802,+ 1 (907) 557-5413,,2023/08/25 08:00:00+00,1439414,{833744EB-91EC-4A96-AD90-A5E91FAB1250},{C389AAC6-E073-477E-A256-4D79DBA891AD}
-163.52939,63.036097,147,Kotlik,Kotlik Post Office,Post Office,500 USPS Boardwalk,Kotlik,AK,99620-9800,+ 1 (907) 899-4512,,2023/08/25 08:00:00+00,1369286,{9A6475BE-BEC0-49DA-8979-2C6E5FFF39CB},{44A99AA2-99FC-4385-9CFC-D6A2AD0D563A}
-162.598197,66.89894,148,Kotzebue,Kotzebue Post Office,Post Office,333 Shore Ave,Kotzebue,AK,99752-9800,+ 1 (907) 442-3291,+ 1 (907) 442-2191,2023/08/25 08:00:00+00,1369287,{209A76C3-F9A4-4015-987C-78C5A44BE669},{D341FB26-2953-4843-B1B9-47A8ED4B1853}
-161.16445,64.9303320000001,149,Koyuk,Koyuk Post Office,Post Office,200 Birch St,Koyuk,AK,99753-9800,+ 1 (907) 963-2433,+ 1 (907) 963-2019,2023/08/25 08:00:00+00,1369290,{DF841D28-31A1-4978-A650-B56C189E60FD},{31B5D2DA-8592-470C-8E53-2A5129298A89}
-157.70506,64.879733,150,Koyukuk,Koyukuk Post Office,Post Office,149 Main St,Koyukuk,AK,99754-9800,+ 1 (907) 927-2238,+ 1 (907) 927-2238,2023/08/25 08:00:00+00,1369291,{25A4F514-7ADF-4F62-873B-6D2F16141D13},{F14C2EF3-DDF9-4992-8D58-F4DE519716F6}
-161.424257,60.80978,151,Kwethluk,Kwethluk Post Office,Post Office,500 Airport Rd,Kwethluk,AK,99621-9800,+ 1 (907) 757-6628,+ 1 (907) 757-6630,2023/08/25 08:00:00+00,1369326,{FF083E35-08C8-468F-B328-F69992F18FB7},{CDB05C5D-81D6-4367-977A-EABD39EE37FB}
-163.166955,59.876135,152,Kwigillingok,Kwigillingok Post Office,Post Office,100 Main St,Kwigillingok,AK,99622-9800,+ 1 (907) 588-8226,+ 1 (907) 588-8227,2023/08/25 08:00:00+00,1369327,{67C5F12A-3F7F-4EAB-88E0-136D880F8DD0},{E6E31265-0781-42D4-962A-5CA1F3FA2C24}
-152.313172,63.8823550000001,153,Lake Minchumina,Lake Minchumina Post Office,Post Office,123 Airport Way,Lake Minchumina,AK,99757-9800,+ 1 (907) 674-3114,+ 1 (907) 674-3115,2023/08/25 08:00:00+00,1369614,{3087F3EA-5475-4180-9982-992F736DFD19},{D9C33F02-D724-4343-B16D-5FF6FE44B70E}
-153.981545,57.5370730000001,154,Larsen Bay,Larsen Bay Post Office,Post Office,500 3rd St,Larsen Bay,AK,99624-9800,+ 1 (907) 847-2232,+ 1 (907) 847-2300,2023/08/25 08:00:00+00,1369893,{9F0EF727-1805-4199-AD1B-40C49AF1B61C},{A5367769-E906-4562-AF24-8B5357C8863A}
-156.860597,59.11022,155,Levelock,Levelock Post Office,Post Office,100 Main St,Levelock,AK,99625-9800,+ 1 (907) 287-3020,+ 1 (907) 287-3014,2023/08/25 08:00:00+00,1370304,{C99D0CCC-0034-4A9E-8A97-37B371CDC3CF},{CCA22E82-72C8-48DF-8AD1-41A81E9F0B56}
-168.951828,65.7583900000001,156,Diomede,Little Diomede Post Office,Post Office,12 Stepping Stone Way,Little Diomede,AK,99762-9803,+ 1 (907) 443-2401,,2023/08/25 08:00:00+00,1439415,{9E47594D-5392-4A49-8FCD-026556C904AE},{9B5C0DF2-04F2-4A88-B539-9FEB8FF9084A}
-160.361749,61.5116860000001,157,Lower Kalskag,Lower Kalskag Post Office,Post Office,100 E St,Lower Kalskag,AK,99626-9800,+ 1 (907) 471-2260,+ 1 (907) 471-2335,2023/08/25 08:00:00+00,1371072,{511EBD11-DE52-4BAB-8C3E-D2E9F870E1EC},{9DB849D8-92A1-4DFA-B31D-C66E99B26616}
-150.633949,64.9921560000001,158,Manley Hot Springs,Manley Hot Springs Post Office,Post Office,100 Landing Rd,Manley Hot Springs,AK,99756-9800,+ 1 (907) 672-3577,+ 1 (907) 672-3578,2023/08/25 08:00:00+00,1371664,{DFE91156-E4B0-4DC7-B3F9-6A61A37FF0D4},{DD40C501-22FA-4A66-9D60-2598AB79687C}
-159.053987,58.981586,159,Manokotak,Manokotak Post Office,Post Office,300 C St,Manokotak,AK,99628-9800,+ 1 (907) 289-1073,+ 1 (907) 289-1070,2023/08/25 08:00:00+00,1371682,{3DF92237-DB7B-4CEB-88DE-A1481F4072AD},{BF51C130-93C5-4239-BAE4-5FE497D1547F}
-162.08385,61.8785530000001,160,Marshall,Marshall Post Office,Post Office,200 Yukon Ave,Marshall,AK,99585-9800,+ 1 (907) 679-6613,+ 1 (907) 679-6189,2023/08/25 08:00:00+00,1371965,{2F8EE675-06A4-4B7A-9275-369FEB17B896},{6841B5F5-6624-4425-B32B-34A32F156B76}
-155.590887,62.9515180000001,161,McGrath,McGrath Post Office,Post Office,123 Takotna Ave,Mc Grath,AK,99627-9800,+ 1 (907) 524-3333,+ 1 (907) 524-3025,2023/08/25 08:00:00+00,1372339,{44BA33DB-984D-44E1-BF2D-7E1A353E586D},{9A447986-550B-4541-A462-3EBD1AA812A4}
-166.188281,60.38818,162,Mekoryuk,Mekoryuk Post Office,Post Office,1 Main St,Mekoryuk,AK,99630-9800,+ 1 (907) 827-8511,,2023/08/25 08:00:00+00,1372622,{06A5691A-049B-426D-85BC-73439735D4DB},{9B6FFE34-A2D2-4E55-844C-24BB7B3267E0}
-143.79742,62.9304290000001,163,Mentasta Lake,Mentasta Lake Post Office,Post Office,6 Mentasta Village Rd,Mentasta Lake,AK,99780-9803,+ 1 (907) 883-5880,,2023/08/25 08:00:00+00,1439419,{138A74FA-943C-4AC3-B538-9484C09C2AD1},{F85E4279-8F7E-480F-B00F-4C9536F1E57A}
-131.575669,55.125102,164,Metlakatla,Metlakatla Post Office,Post Office,352 8th Ave,Metlakatla,AK,99926-9800,+ 1 (907) 886-6712,+ 1 (907) 886-6245,2023/08/25 08:00:00+00,1372851,{179D4B3A-A5AC-43B1-9AE0-6F7B6B7A3CB3},{CC15DEC6-E964-452E-98DF-C4D140D875B3}
-132.261785,55.7398670000001,165,Meyers Chuck,Meyers Chuck Post Office,Post Office,9998 Meyers Rd,Meyers Chuck,AK,99903-9800,+ 1 (907) 946-9800,,2023/08/25 08:00:00+00,1439420,{7B03C441-97CF-473F-9627-87B41A283668},{AF5E15A6-DD3A-45DD-966F-28A4E7AAEA4F}
-149.348209,65.150226,166,Minto,Minto Post Office,Post Office,100 3rd St,Minto,AK,99758-9800,+ 1 (907) 798-7226,+ 1 (907) 798-7105,2023/08/25 08:00:00+00,1373361,{D3D709DB-0DF6-43DD-ACE0-FAF53A544273},{829BDB02-4A67-467D-B678-8EAD277C787C}
-149.368333,60.486388,167,Moose Pass,Moose Pass Post Office,Post Office,31785 Post Office Dr,Moose Pass,AK,99631-9800,+ 1 (907) 288-3623,+ 1 (907) 288-5623,2023/08/25 08:00:00+00,1373742,{9A5F6C32-F2B9-425E-86F6-1C856BB6FFA8},{BDD9CA35-1421-4CC4-B21B-2CA2BAC7826B}
-163.72715,62.0885490000001,168,Mountain Village,Mountain Village Post Office,Post Office,9998 Airport Rd,Mountain Village,AK,99632-9800,+ 1 (907) 591-2913,+ 1 (907) 591-2813,2023/08/25 08:00:00+00,1374159,{EDB9EEBA-7A73-42DB-9658-44DA2280EBE3},{2D681745-B122-4B43-A417-82006C43E8EC}
-157.007061,58.729785,169,Naknek,Naknek Post Office,Post Office,1/2 School Rd,Naknek,AK,99633-9800,+ 1 (907) 246-4205,+ 1 (907) 246-8407,2023/08/25 08:00:00+00,1374355,{BECA4B02-6040-43FA-93A9-D551AD5AB86B},{616D25F5-5884-4972-9537-BB5B9BCE4608}
-161.981407,60.6964620000001,170,Napakiak,Napakiak Post Office,Post Office,50 Maraq Rd,Napakiak,AK,99634-9800,+ 1 (907) 589-2912,+ 1 (907) 589-2033,2023/08/25 08:00:00+00,1374378,{16F1264E-DF67-4828-9E72-1AB821AB3F99},{080A27B9-1E9E-492E-B71B-50149714F388}
-161.768306,60.773469,171,Napaskiak,Napaskiak Post Office,Post Office,6198 Napaskiak Rd,Napaskiak,AK,99559-9803,+ 1 (907) 737-7539,,2023/08/25 08:00:00+00,1439422,{6D864316-582B-4749-A178-D9BAD04003D1},{73B8E266-3FF2-469D-B873-60D2A238614A}
-133.203005,55.8711230000001,172,Naukati Bay,Naukati Bay Contract Postal Unit,Contract Postal Unit,9995 Naukati Rd,Naukati Bay,AK,99901-9805,+ 1 (907) 629-4104,,2023/08/25 08:00:00+00,1432983,{D95D0788-C59A-4F16-AB72-3A049B1E1AFC},{29C09C19-648C-4786-B3AF-119670C55E47}
-161.207784,56.0004950000001,173,Nelson Lagoon,Nelson Lagoon Contract Postal Unit,Contract Postal Unit,9998 Nelson Lagoon Rd,Nelson Lagoon,AK,99571-9801,+ 1 (907) 532-2464,,2023/08/25 08:00:00+00,1439423,{AFAD8F2B-A3E7-42E7-A5D7-3AC28A5988D4},{A028D583-5F54-4A10-A866-1ADCE6DFF98C}
-149.094525,64.5635800000001,174,Nenana,Nenana Post Office,Post Office,803 Market St,Nenana,AK,99760-9800,+ 1 (907) 832-5545,+ 1 (907) 832-5405,2023/08/25 08:00:00+00,1374569,{3AC29D09-E0DD-4840-9E31-13F575B4BFF4},{F2EAB2AF-07BA-43E1-8EC7-757F5E7C9703}
-157.317698,59.4513040000001,175,New Stuyahok,New Stuyahok Post Office,Post Office,100 Wallace St,New Stuyahok,AK,99636-9800,+ 1 (907) 693-3180,,2023/08/25 08:00:00+00,1374877,{0C233779-E987-4620-A2DB-33C5FF299964},{ECB4215C-24C2-49B5-B4EA-2603E5C79392}
-164.637395,60.93701,176,Newtok,Newtok Post Office,Post Office,5598 Newtok Rd,Newtok,AK,99559-9804,+ 1 (907) 237-2625,,2023/08/25 08:00:00+00,1439424,{258C640B-3DF8-425C-8445-188CD6A6A660},{88E621A5-BE8F-4B25-B099-5626966207D8}
-164.717577,60.4776190000001,177,Nightmute,Nightmute Post Office,Post Office,9690 Nightmute Rd,Nightmute,AK,99690-9800,+ 1 (907) 647-6325,,2023/08/25 08:00:00+00,1439425,{A83F4C9F-FA93-4FC6-974A-39BA917BA023},{93C642A2-0E18-4763-A770-504A9DEAD499}
-151.304821,60.728638,178,Nikiski,Nikiski Post Office,Post Office,51708 Kenai Spur Hwy Ste B,Nikiski,AK,99635-9800,+ 1 (907) 776-5258,,2023/08/25 08:00:00+00,1439426,{18EF53D7-2321-4285-A7D2-2F20CC22AEE6},{CC75FEB8-AF2E-4534-ABA5-FD0CDD090B7B}
-151.606555,59.811111,179,Nikolaevsk,Nikolaevsk Contract Postal Unit,Contract Postal Unit,64540 Nikolaevsk Rd,Nikolaevsk,AK,99556-9102,+ 1 (907) 235-8419,,2023/08/25 08:00:00+00,1439427,{8CB3E4E0-D9F5-4B0C-93D8-C436A193A465},{9A906083-E159-4BD5-8C87-8B60575C2EA9}
-154.374044,63.0127150000001,180,Nikolai,Nikolai Post Office,Post Office,9691 Nikolai Rd,Nikolai,AK,99691-9800,+ 1 (907) 293-2127,,2023/08/25 08:00:00+00,1439428,{A9A591D6-DAB0-4694-9B95-1A56A7F5914D},{AC877B85-D18C-4089-865A-48D86B576C87}
-168.861022,52.939581,181,Nikolski,Nikolski Post Office,Post Office,9998 Nikolski Rd,Nikolski,AK,99638-9800,+ 1 (907) 576-2223,+ 1 (907) 576-2223,2023/08/25 08:00:00+00,1375105,{4B756DDD-55AC-49E9-AD29-8868DF25D4E3},{E0586753-5533-4742-A4F4-5616AE25303F}
-151.666393,60.0442410000001,182,Ninilchik,Ninilchik Post Office,Post Office,15700 Kingsley Rd,Ninilchik,AK,99639-9759,+ 1 (907) 567-3401,+ 1 (907) 567-1069,2023/08/25 08:00:00+00,1375121,{95A8CBA5-6323-4734-AA72-89B097FBD56F},{13787D78-0417-4F00-8096-EB65701F3DC9}
-162.968805,67.5706290000001,183,Noatak,Noatak Post Office,Post Office,9998 Noatak Rd,Noatak,AK,99761-9800,+ 1 (907) 485-2122,,2023/08/25 08:00:00+00,1375143,{03C93982-6D21-4D8C-B2D5-1090F45A812A},{FD43E5D0-25BD-4DCB-ADD4-80B138948E13}
-165.405559,64.497126,184,Nome,Nome Post Office,Post Office,113 W Front St,Nome,AK,99762-9800,+ 1 (907) 443-2401,+ 1 (907) 443-4167,2023/08/25 08:00:00+00,1375170,{72E9842F-ABE0-4390-9A93-917EDB1CF17B},{14EC02CD-2D2C-4735-A093-03F4586E875A}
-154.851335,59.9700710000001,185,Nondalton,Nondalton Post Office,Post Office,101 Main St,Nondalton,AK,99640-9800,+ 1 (907) 294-2246,+ 1 (907) 294-2213,2023/08/25 08:00:00+00,1375172,{C36AA39B-6B83-4B74-A7C0-A5500A611AFB},{E47DE90E-7CAA-433F-A35C-C4BAB4A8E7D5}
-161.047002,66.8326850000001,186,Noorvik,Noorvik Post Office,Post Office,9998 Fireweed Ln,Noorvik,AK,99763-9800,+ 1 (907) 636-2175,+ 1 (907) 636-2143,2023/08/25 08:00:00+00,1375176,{E4853413-2729-4F25-AE7D-845D797872A7},{EF726122-602B-4B50-BAF9-3D1553C9EFD5}
-147.566717,64.817863,187,North Pole,Badger Contract Postal Unit,Contract Postal Unit,771 Badger Rd,North Pole,AK,99705-5710,+ 1 (907) 488-2788,+ 1 (907) 488-2050,2023/08/25 08:00:00+00,1439375,{CD260976-029D-40A9-8CC4-1ECF3F63EEFC},{EC9CC5E4-CA53-4736-805D-758F82662D15}
-147.354276,64.7529000000001,188,North Pole,North Pole Post Office,Post Office,325 S Santa Claus Ln,North Pole,AK,99705-9998,+ 1 (907) 488-1376,+ 1 (907) 488-3189,2023/08/25 08:00:00+00,1439429,{CD260976-029D-40A9-8CC4-1ECF3F63EEFC},{ED91ABCF-83A1-4E76-B66B-1FA0ABA6AB09}
-141.932178,62.9624160000001,189,Northway,Northway Post Office,Post Office,6650 Northway Rd,Northway,AK,99764-9800,+ 1 (907) 778-2255,+ 1 (907) 778-2286,2023/08/25 08:00:00+00,1375566,{F89998A2-A9FA-47B5-9FAB-810B69A3E21F},{01692493-D60B-4E3C-8131-094C54AB5B43}
-150.995426,70.214503,190,Nuiqsut,Nuiqsut Post Office,Post Office,301 Pausanna St,Nuiqsut,AK,99789-9800,+ 1 (907) 480-6529,,2023/08/25 08:00:00+00,1439430,{E24B0E44-1B59-4C79-8A8F-F7A2113EFF2F},{03773349-5CE2-4031-8A7D-4AEC2C438854}
-158.113941,64.7322050000001,191,Nulato,Nulato Post Office,Post Office,250 Nikaghun St,Nulato,AK,99765-9800,+ 1 (907) 898-2244,+ 1 (907) 898-2371,2023/08/25 08:00:00+00,1375666,{95F04BB3-8B3B-4FFF-841A-95C8338ED9C6},{0705D3BD-99F0-483E-916F-C9A532889BD6}
-164.842133,62.523824,192,Nunam Iqua,Nunam Iqua Post Office,Post Office,9666 Nunam Iqua Rd,Nunam Iqua,AK,99666-9800,+ 1 (907) 498-4314,,2023/08/25 08:00:00+00,1439442,{9E739177-0E1D-4131-A1AD-63F6A6F5E677},{8FE1555B-8C99-4077-837B-65B9F6C737FD}
-162.45923,60.8966120000001,193,Nunapitchuk,Nunapitchuk Post Office,Post Office,9998 Nunapitchuk Rd,Nunapitchuk,AK,99641-9800,+ 1 (907) 527-5702,,2023/08/25 08:00:00+00,1375670,{8D2790CB-3234-4141-9014-F2DED1D38D0C},{46F931F2-0812-4BC7-B9CC-09BE62E5D395}
-153.304951,57.2047180000001,194,Old Harbor,Old Harbor Post Office,Post Office,9998 Three Saints Ave,Old Harbor,AK,99643-9800,+ 1 (907) 286-2227,+ 1 (907) 286-2219,2023/08/25 08:00:00+00,1376015,{126AE679-2933-4FD0-B985-FB1844FFBCA3},{D3F75DA8-F456-4D6E-8A42-5ECE381FB9FA}
-152.50571,57.9212880000001,195,Ouzinkie,Ouzinkie Post Office,Post Office,200 2nd And E St,Ouzinkie,AK,99644-9800,+ 1 (907) 680-2252,,2023/08/25 08:00:00+00,1376457,{758654AC-720A-4314-AC3E-4F1FC39187C4},{9B27CAF2-1D73-4858-8C80-6B6833E84F44}
-149.119722,61.6023630000001,196,Palmer,Palmer Post Office,Post Office,500 S Cobb St,Palmer,AK,99645-9998,+ 1 (907) 745-5051,+ 1 (907) 746-3556,2023/08/25 08:00:00+00,1376656,{EDA8ED1A-C25C-4FF0-8681-021AAF1072C9},{D8C16926-8A2E-4BCC-A507-12A32DF0CE4F}
-154.119507,59.7841440000001,197,Pedro Bay,Pedro Bay Post Office,Post Office,9998 Pedro Bay Rd,Pedro Bay,AK,99647-9800,+ 1 (907) 850-2330,,2023/08/25 08:00:00+00,1439432,{EC18C954-9E22-45E3-BD54-DD7AF4302791},{01EAA3AA-A4B6-4F38-A9A3-B2745750CE7D}
-136.23136,57.959958,198,Pelican,Pelican Post Office,Post Office,171 A Salmon Way,Pelican,AK,99832-9800,+ 1 (907) 735-2248,+ 1 (907) 735-2511,2023/08/25 08:00:00+00,1377100,{ED8A6F74-E397-4BA1-8052-EEF92A6C4F8B},{3D5AC153-26B4-4329-887F-B452C2754158}
-159.154016,55.913886,199,Perryville,Perryville Post Office,Post Office,16 N Brook Access Rd,Perryville,AK,99648-9800,+ 1 (907) 853-2216,+ 1 (907) 853-2258,2023/08/25 08:00:00+00,1377274,{4C04DC5F-DBC0-42D6-BFF7-62C40E838EAA},{516759B3-93A2-4E50-92D3-B754AFF310ED}
-132.939411,56.8089440000001,200,Petersburg,Petersburg Post Office,Post Office,1201 Haugen Dr,Petersburg,AK,99833-9800,+ 1 (907) 772-3121,+ 1 (907) 772-3299,2023/08/25 08:00:00+00,1377316,{BCB15849-7466-46EB-920C-2A9FAE9E93C5},{02B60473-0422-4256-BD8D-00FBEFF36C2D}
-157.570705869,57.5679515320001,201,Pilot Point,Pilot Point Post Office,Post Office,600 Airplane Lake Rd,Pilot Point,AK,99649-9800,+ 1 (907) 797-2269,+ 1 (907) 797-2269,2023/08/25 08:00:00+00,1439433,{6C3B7B41-3AE1-40AB-AA91-33A20E34131E},{B328DD53-6AD9-40A4-93C6-3CC0E53B205E}
-162.887164,61.9374080000001,202,Pilot Station,Pilot Station Post Office,Post Office,4 Building Airport Rd,Pilot Station,AK,99650-9800,+ 1 (907) 549-3348,+ 1 (907) 549-3684,2023/08/25 08:00:00+00,1377504,{E1D5467A-F8D6-443B-B722-DE5C4F46B5F8},{25CD9488-1831-48CE-831D-FF42405CD9E6}
-161.818709,59.0133930000001,203,Platinum,Platinum Post Office,Post Office,1 Main St,Platinum,AK,99651-9800,+ 1 (907) 979-8312,+ 1 (907) 979-8323,2023/08/25 08:00:00+00,1377748,{B31B12CB-15A8-477A-A113-F6ACBD1D3120},{4A5AC192-1B54-40C9-9206-114F1BD9B564}
-133.621283,56.3533620000001,204,Point Baker,Point Baker Post Office,Post Office,9998 State Float,Point Baker,AK,99927-9800,+ 1 (907) 559-2203,+ 1 (907) 559-2203,2023/08/25 08:00:00+00,1377912,{406CA174-D318-4E54-BB1E-2B47EE0719E4},{07EEEBC1-217E-4D34-8CF4-B55D78B251FE}
-166.733801,68.349744,205,Point Hope,Point Hope Post Office,Post Office,655 Tikigaq Ave,Point Hope,AK,99766-9800,+ 1 (907) 368-2133,+ 1 (907) 368-8775,2023/08/25 08:00:00+00,1377920,{717918EA-EB98-4319-B4C9-D70D262F7CE2},{138B9F23-BD26-4DCB-823F-CD7E4A0D4E11}
-163.004014,69.7415090000001,206,Point Lay,Point Lay Post Office,Post Office,218 Qigalik St,Point Lay,AK,99759-9800,+ 1 (907) 833-2812,,2023/08/25 08:00:00+00,1439435,{ACCCEEDB-EFD5-4240-87ED-B1D77CEB08B8},{8376DE5E-FADF-4B66-8474-979DFB1E8E60}
-134.647125,56.247918,207,Port Alexander,Port Alexander Post Office,Post Office,206 Main St,Port Alexander,AK,99836-9800,+ 1 (907) 568-2311,,2023/08/25 08:00:00+00,1439436,{5A7529F3-5CC9-423D-AF30-9EE44F9D5E43},{CD1B0FA7-01AD-4164-B191-59D4706A25B8}
-154.328717,60.1972220000001,208,Port Alsworth,Port Alsworth Post Office,Post Office,1 Flight Line Rd Ste C,Port Alsworth,AK,99653-9801,+ 1 (907) 781-2289,,2023/08/25 08:00:00+00,1378050,{2C14D0F5-3E1B-4BEC-ABCB-6AEED5368B0C},{D4B6FD7C-CD7C-4785-A483-008424E406D7}
-158.635175,56.9443620000001,209,Port Heiden,Port Heiden Post Office,Post Office,2 Jacks Cul De Sac Rd,Port Heiden,AK,99549-9800,+ 1 (907) 887-2234,,2023/08/25 08:00:00+00,1439438,{58FEECD6-E89F-44AF-B707-E2BF0B91605A},{38EC0C35-647A-43CB-B85E-28C868211D84}
-152.880005,57.8667970000001,210,Port Lions,Port Lions Post Office,Post Office,520 Main St,Port Lions,AK,99550-9800,+ 1 (907) 454-2217,,2023/08/25 08:00:00+00,1378091,{DDC4A50C-4C3E-4DEF-B660-9185BACAD8C5},{8D95CF8A-A7B7-4989-806B-403943D09200}
-148.405461,70.2087430000001,211,Prudhoe Bay,Prudhoe Bay Contract Postal Unit,Contract Postal Unit,9734 Brooks Range Napa St,Prudhoe Bay,AK,99734-9800,+ 1 (907) 659-2669,,2023/08/25 08:00:00+00,1439439,{A86C2FBC-0704-4117-9A7E-E4A3DD3415BD},{DF96DE67-6C7E-4AC8-A770-CFFA103D84E2}
-161.904703,59.7495930000001,212,Quinhagak,Quinhagak Post Office,Post Office,101 Qanirtuuq Rd,Quinhagak,AK,99655-9800,+ 1 (907) 556-8827,+ 1 (907) 556-8166,2023/08/25 08:00:00+00,1378647,{B6E9CAAD-60A0-4BA0-9CA6-A849C3DAFC42},{ED2AE94C-0A03-4714-AC38-80F4B03AA65D}
-150.16133,65.508879,213,Rampart,Rampart Post Office,Post Office,9767 Front St,Rampart,AK,99767-9800,+ 1 (907) 358-3114,+ 1 (907) 358-3114,2023/08/25 08:00:00+00,1439440,{6202BDF2-C7DB-4E68-839D-27ED74C85EA2},{C48966F9-F513-45C6-90F5-75D1686263D8}
-157.337788,61.7826360000001,214,Red Devil,Red Devil Post Office,Post Office,40 River Rd,Red Devil,AK,99656-9800,+ 1 (907) 447-3228,+ 1 (907) 447-3228,2023/08/25 08:00:00+00,1378943,{60E24BB4-83DC-44A8-9CFE-7E855DA6622B},{081F14F9-364C-4CE3-85FB-01A8B1707869}
-155.49062,64.7383610000001,215,Ruby,Ruby Post Office,Post Office,9998 Wildberry Rd,Ruby,AK,99768-9800,+ 1 (907) 468-4414,+ 1 (907) 468-4442,2023/08/25 08:00:00+00,1380052,{E0D07527-6185-42A6-87A3-465F20FDF512},{45662E1C-5412-47DC-B9F8-D259438CEB08}
-161.323152,61.7842850000001,216,Russian Mission,Russian Mission Post Office,Post Office,500 Ayak Loop,Russian Mission,AK,99657-9800,+ 1 (907) 584-5610,+ 1 (907) 584-5736,2023/08/25 08:00:00+00,1380146,{8DA86262-15AB-46C9-B997-7983A9FF34AB},{5F4868E5-43D3-4C17-B212-EB3771653147}
-169.545336,56.6014220000001,217,Saint George,Saint George Island Post Office,Post Office,1 Main St,Saint George Island,AK,99591-9800,+ 1 (907) 859-2222,,2023/08/25 08:00:00+00,1380333,{55AFA1A4-5677-44A5-A22C-9F9D370747CE},{600F321F-A2F3-40F7-994F-AB191E8EA715}
-163.192525,62.0481080000001,218,Saint Mary's,Saint Mary's Post Office,Post Office,101 Alstrom St,Saint Marys,AK,99658-9800,+ 1 (907) 438-2314,+ 1 (907) 438-2580,2023/08/25 08:00:00+00,1380407,{8AB67F75-EAB7-4DEB-8885-83230D155E9C},{5C0232A4-F0F3-4A47-BAF1-BC2131859E3B}
-162.112424,63.4843220000001,219,Saint Michael,Saint Michael Post Office,Post Office,1 Postal Way,Saint Michael,AK,99659-9800,+ 1 (907) 923-3531,+ 1 (907) 923-3010,2023/08/25 08:00:00+00,1380420,{9BB36ABC-66B2-4E89-99FA-C2128E2AFCC9},{2006A616-2C33-420A-8677-44C3C7E34E7A}
-170.273895,57.1244290000001,220,Saint Paul,Saint Paul Island Post Office,Post Office,2000 Polovina Tpke,Saint Paul Island,AK,99660-9800,+ 1 (907) 546-2270,+ 1 (651) 994-3480,2023/08/25 08:00:00+00,1380432,{B7D914E8-D125-49F0-B374-8AE610E5DBC7},{DCE3275A-2509-42A4-9742-B8C96ED9725A}
-146.913105,64.454937,221,Salcha,Salcha Post Office,Post Office,9162 Richardson Hwy,Salcha,AK,99714-9676,+ 1 (907) 488-2233,+ 1 (907) 488-2233,2023/08/25 08:00:00+00,1439441,{3AAD6031-4B4D-40A2-86B3-B59C6AE4046D},{8799F533-BF48-4E21-9533-B1C6F80E2B32}
-160.490635,55.3353940000001,222,Sand Point,Sand Point Post Office,Post Office,9998 Main St,Sand Point,AK,99661-9800,+ 1 (907) 383-2955,+ 1 (907) 383-5915,2023/08/25 08:00:00+00,1380674,{BCCD0BE5-1002-4368-A664-108C425C91DD},{3D30EC85-DB89-4F05-96A9-142BD949F7A9}
-170.473786,63.6961650000001,223,Savoonga,Savoonga Post Office,Post Office,9769 Savoonga Way,Savoonga,AK,99769-9800,+ 1 (907) 984-6213,+ 1 (907) 984-6821,2023/08/25 08:00:00+00,1380882,{72DFDB08-C634-4DC3-BA13-8C7F1E889436},{849B26BC-50EC-4310-A833-51A0A7414CFD}
-165.579932,61.842428,224,Scammon Bay,Scammon Bay Post Office,Post Office,102 Johnson Rd,Scammon Bay,AK,99662-9800,+ 1 (907) 558-5114,+ 1 (907) 558-5113,2023/08/25 08:00:00+00,1380915,{95BD0825-5CB3-4695-B177-4D026DA5894C},{7C496A3F-2AC1-491C-BC80-6DF5061A1FE6}
-160.009547,66.598644,225,Selawik,Selawik Post Office,Post Office,78 Selawik Rd,Selawik,AK,99770-9800,+ 1 (907) 484-2141,+ 1 (907) 484-2141,2023/08/25 08:00:00+00,1381167,{E0F2C831-698F-4BCE-8AC1-4162BE7D6DCD},{76742C15-D04A-4578-AEAC-A81A78C09FC6}
-151.714977,59.4387,226,Seldovia,Seldovia Post Office,Post Office,251 Main St,Seldovia,AK,99663-9800,+ 1 (907) 234-7831,,2023/08/25 08:00:00+00,1381173,{A8F5B7D5-CE39-47C3-BAB5-4BA4EDCEF514},{A93C4FF1-4065-47A7-AB9B-B7B8D87F27AB}
-149.437952,60.106232,227,Seward,Seward Post Office,Post Office,507 Madison Ave,Seward,AK,99664-9800,+ 1 (907) 224-3001,+ 1 (907) 224-3002,2023/08/25 08:00:00+00,1381260,{86E9E60C-762A-4D26-A7CC-57DC74916D5B},{A379ACB4-A8D8-481B-A249-9DA80C6956F9}
-159.528659,62.6552270000001,228,Shageluk,Shageluk Post Office,Post Office,500 Main St,Shageluk,AK,99665-9800,+ 1 (907) 473-8240,,2023/08/25 08:00:00+00,1381300,{C1B6F29B-4A04-42DE-9F90-6F108C6C13A9},{16F66A47-9931-433E-B664-3A4840F76B19}
-161.192572,64.353527,229,Shaktoolik,Shaktoolik Post Office,Post Office,123 Main St,Shaktoolik,AK,99771-9800,+ 1 (907) 955-3691,+ 1 (907) 955-2384,2023/08/25 08:00:00+00,1381305,{CEDC63C2-3647-4702-B72B-D9E842E711FE},{720F17A1-8824-4E49-933E-5783CAE39DC7}
-166.070838,66.2551020000001,230,Shishmaref,Shishmaref Post Office,Post Office,123 Main St,Shishmaref,AK,99772-9800,+ 1 (907) 649-3931,+ 1 (907) 349-3931,2023/08/25 08:00:00+00,1381562,{D1F96C65-49BF-4E7B-AA32-F9C4C50BB628},{8F53C5C8-59AD-421A-B5F4-8CFFF5A76DC2}
-157.144577,66.887348,231,Shungnak,Shungnak Post Office,Post Office,9998 Shungnak Rd,Shungnak,AK,99773-9800,+ 1 (907) 437-2158,+ 1 (907) 437-2058,2023/08/25 08:00:00+00,1381603,{9177B2E0-91EE-4644-A900-570CEA299846},{DC2CC298-E5CA-4396-91C0-EB59F6CBD58F}
-135.311298,57.049543,232,Sitka,Sitka Post Office,Post Office,1207 Sawmill Creek Rd,Sitka,AK,99835-9998,+ 1 (907) 747-3381,+ 1 (907) 747-5471,2023/08/25 08:00:00+00,1381757,{99E9981F-255D-4678-9D2E-704DC07798D6},{5A46C1F9-920B-4AC0-B828-44C6B312786F}
-135.314134,59.456216,233,Skagway,Skagway Post Office,Post Office,641 Broadway St,Skagway,AK,99840-9800,+ 1 (907) 983-2330,+ 1 (907) 983-3107,2023/08/25 08:00:00+00,1381770,{F040B0E7-B5F6-47BE-82E0-63A3AC90CEC9},{B2FC2FD6-B721-4E8E-88ED-DA68F2347BBC}
-151.187586,61.9658830000001,234,Skwentna,Skwentna Post Office,Post Office,100 Main St,Skwentna,AK,99667-9800,+ 1 (907) 733-2814,,2023/08/25 08:00:00+00,1381791,{6F43A244-13B0-42B5-92FB-6D2ACE90ED71},{47B6E15C-A984-42D9-BC31-27FC636146EB}
-143.958312,62.705071,235,Slana,Slana Post Office,Post Office,2 Nabesna Rd,Slana,AK,99586-9802,+ 1 (907) 822-3973,,2023/08/25 08:00:00+00,1439443,{92647992-DE7B-4457-BD55-CB46CE9A4C4E},{57B38A67-6F36-4962-8B5B-429B62E1DE55}
-157.168602,61.7021770000001,236,Sleetmute,Sleetmute Post Office,Post Office,100 Post Office Dr,Sleetmute,AK,99668-9800,+ 1 (907) 449-4204,+ 1 (907) 449-4204,2023/08/25 08:00:00+00,1381827,{0250F433-FD97-4CC6-8D40-1385C394201D},{C2717B6F-06BD-4A0D-8F80-E764D404A303}
-151.07409,60.4909000000001,237,Soldotna,Soldotna Post Office,Post Office,175 N Binkley St,Soldotna,AK,99669-9998,+ 1 (907) 262-4760,+ 1 (907) 262-2378,2023/08/25 08:00:00+00,1381995,{D7CCEBD6-7236-44C6-9E78-19F98183CFFC},{C02C491B-C553-4D5F-9062-342EE6AC3B70}
-157.003004,58.7140420000001,238,South Naknek,South Naknek Post Office,Post Office,500 7th St,South Naknek,AK,99670-9800,+ 1 (907) 246-6531,+ 1 (907) 246-6531,2023/08/25 08:00:00+00,1382219,{8C659093-914F-41E2-BE61-E3576613F3BC},{5D74FBFB-3479-4679-B00D-060D726F55C3}
-162.287624,63.519461,239,Stebbins,Stebbins Post Office,Post Office,100 Main St,Stebbins,AK,99671-9800,+ 1 (907) 934-3391,+ 1 (907) 934-3391,2023/08/25 08:00:00+00,1383479,{28ACD99B-0BF6-4373-A5BA-4F063E34485C},{C023AD78-8238-4689-8A29-9A12976142B7}
-150.740392,60.533421,240,Sterling,Sterling Post Office,Post Office,38161 Midway Dr,Sterling,AK,99672-9800,+ 1 (907) 262-4794,+ 1 (907) 262-2860,2023/08/25 08:00:00+00,1383535,{DC7B95CA-114F-4D3E-95BE-B7965D32E2EF},{5210761C-CF67-4779-BE94-AA7B27BA3824}
-149.094055,66.0057430000001,241,Stevens Village,Stevens Village Post Office,Post Office,9774 Stevens Village Rd,Stevens Village,AK,99774-9800,+ 1 (907) 478-7496,+ 1 (907) 478-7498,2023/08/25 08:00:00+00,1383548,{169CE60B-858B-4A5D-801B-CB9E3179349B},{9470450D-9844-41DD-A71E-39D3E90CE3E3}
-156.587013,61.785985,242,Stony River,Stony River Post Office,Post Office,8998 Stony River Rd,Stony River,AK,99557-9802,+ 1 (907) 675-4314,,2023/08/25 08:00:00+00,1439447,{3C0B8851-31F2-4CA0-B3E0-A7DE145D4BB3},{4EC500BC-8460-4284-9264-072B69BAD28E}
-148.493154,61.776438,243,Chickaloon,Chickaloon Post Office,Post Office,33968 N Glenn Hwy,Sutton,AK,99674-9801,+ 1 (907) 746-0280,,2023/08/25 08:00:00+00,1439381,{CF24E3C4-5B20-4D19-BAA0-498A17870CA8},{76BF7D8B-2A7E-4880-B073-6B36CDA6961B}
-148.87805,61.7105050000001,244,Sutton-Alpine,Sutton Post Office,Post Office,11266 N Chickaloon Way,Sutton,AK,99674-9800,+ 1 (907) 745-3433,+ 1 (907) 745-3494,2023/08/25 08:00:00+00,1384070,{126A149F-F9BD-42EC-8D66-E4883B8016E2},{079A77CC-F2C9-46C1-BD03-C0409FF214F1}
-156.064394,62.988859,245,Takotna,Takotna Post Office,Post Office,9675 Airport Rd,Takotna,AK,99675-9800,+ 1 (907) 298-2000,+ 1 (907) 443-4167,2023/08/25 08:00:00+00,1439448,{85E095CB-FA7C-489E-81CF-7471581BE04A},{545DDE0F-2ED0-463C-8E44-15FE5E2FB792}
-150.111671,62.3225170000001,246,Talkeetna,Talkeetna Post Office,Post Office,13707 E 1st St,Talkeetna,AK,99676-9800,+ 1 (907) 733-2275,+ 1 (907) 733-1721,2023/08/25 08:00:00+00,1384230,{3EC46053-F188-4C9A-B758-A0D57EF8F834},{CAF02B07-5C5D-424A-BCB9-213FF4D6C2ED}
-143.358669,63.3786680000001,247,Tanacross,Tanacross Post Office,Post Office,1000 1st Ave,Tanacross,AK,99776-9800,+ 1 (907) 883-4496,,2023/08/25 08:00:00+00,1439449,{57519FBB-A615-4BD0-A451-9E4C5B1C2E43},{7EAC243F-B64C-430F-A89A-BAB275C1A384}
-152.088127,65.1711940000001,248,Tanana,Tanana Post Office,Post Office,100 Front St,Tanana,AK,99777-9800,+ 1 (907) 366-7250,+ 1 (907) 366-7250,2023/08/25 08:00:00+00,1384274,{52BCEDDA-9254-47D3-9A2A-3B00217A0661},{54A3CB2D-FCD2-4F26-B3CD-5D1711840FD1}
-146.687285,60.8716430000001,249,Tatitlek,Tatitlek Post Office,Post Office,9998 Tatitlek Rd,Tatitlek,AK,99677-9800,+ 1 (907) 325-2357,,2023/08/25 08:00:00+00,1439450,{A47812B1-7D27-455A-A423-CE6015545162},{0B2F2F73-1D92-468C-ADE5-B27A86E6B321}
-166.362695,65.261736,250,Teller,Teller Post Office,Post Office,100 Main St,Teller,AK,99778-9800,+ 1 (907) 642-4261,+ 1 (907) 642-2017,2023/08/25 08:00:00+00,1384388,{FABC6EB5-588F-4AD5-B3AB-A8511EBA408A},{6E035C08-6BD8-4660-B496-D57143C3AFB6}
-135.218001,57.7800490000001,251,Tenakee Springs,Tenakee Springs Post Office,Post Office,108 E Tenakee Ave,Tenakee Springs,AK,99841-9800,+ 1 (907) 736-2236,+ 1 (907) 736-2241,2023/08/25 08:00:00+00,1384422,{E49E42CA-BF94-44E1-9650-6B93C551222E},{4635662F-9B40-4905-A0F0-51785492D3DF}
-132.532457,55.687819,252,Thorne Bay,Thorne Bay Post Office,Post Office,9998 Thorne Bay,Thorne Bay,AK,99919-9800,+ 1 (907) 828-3490,+ 1 (907) 828-8287,2023/08/25 08:00:00+00,1439452,{3F597174-5CB5-4C16-8F4A-786886325C42},{1046EDFD-2EAE-4B5E-A7B5-1F8E8B9942BA}
-160.276676,59.0746560000001,253,Togiak,Togiak Post Office,Post Office,9998 Airport Way,Togiak,AK,99678-9800,+ 1 (907) 493-5228,+ 1 (907) 493-5546,2023/08/25 08:00:00+00,1384760,{5992D3C6-F615-45B1-BE46-B0FF54252CF2},{CE8564ED-DAC1-4E16-9BBF-4973192E445F}
-142.99032,63.3356200000001,254,Tok,Tok Post Office,Post Office,1314.3 Alaska Hwy,Tok,AK,99780-9800,+ 1 (907) 883-5880,+ 1 (907) 883-5881,2023/08/25 08:00:00+00,1384764,{E7AB4B30-0C1D-4536-8571-A8835525D851},{C68780BD-1CE1-4B44-A966-2AACBD939E1B}
-165.107573,60.5312030000001,255,Toksook Bay,Toksook Bay Post Office,Post Office,9637 Toksook Bay Rd,Toksook Bay,AK,99637-9800,+ 1 (907) 427-7474,,2023/08/25 08:00:00+00,1439453,{976DFE6D-5070-41D4-B270-90EB077F8A48},{6A3E062A-946B-45A4-872A-355FEC0C22F8}
-150.232883,62.317232,256,Trapper Creek,Trapper Creek Post Office,Post Office,23161 S Watson Cir,Trapper Creek,AK,99683-9800,+ 1 (907) 733-4440,,2023/08/25 08:00:00+00,1439454,{68659E20-597A-4214-97E4-BE2A722B888B},{F35B1893-83AF-4132-BAB6-4BE3E1DFC61B}
-160.959534,61.0988380000001,257,Tuluksak,Tuluksak Post Office,Post Office,9679 Tuluksak Rd,Tuluksak,AK,99679-9800,+ 1 (907) 695-6767,,2023/08/25 08:00:00+00,1439455,{08AE02CD-C624-4EB1-9BDE-DC0B7B5D224E},{F1186440-239B-4549-AE1C-653F4138766C}
-162.667612,60.3418120000001,258,Tuntutuliak,Tuntutuliak Post Office,Post Office,100 Main St,Tuntutuliak,AK,99680-9800,+ 1 (907) 256-2654,,2023/08/25 08:00:00+00,1439456,{E53D762F-9715-4E78-AE62-1FFB0D35EC03},{B20E0814-7BBE-4E24-AFB3-6BB61773F655}
-165.264826,60.5805320000001,259,Tununak,Tununak Post Office,Post Office,100 Airport Way,Tununak,AK,99681-9800,+ 1 (907) 652-6526,+ 1 (907) 652-6776,2023/08/25 08:00:00+00,1385161,{2AAC0BD8-1ED0-49FE-B5DA-1371DF532197},{82494B58-EE95-4950-A4F9-DD059CC379AD}
-158.461552,59.039741,260,Twin Hills,Twin Hills Post Office,Post Office,101 Main St,Twin Hills,AK,99576-9801,+ 1 (907) 525-4127,,2023/08/25 08:00:00+00,1439457,{70F9D3F0-0A22-421F-B1A4-0FF83845DECA},{2A543371-AD58-4E69-B794-3A3394FD5934}
-151.138779,61.0671330000001,261,Tyonek,Tyonek Post Office,Post Office,16 C St,Tyonek,AK,99682-9800,+ 1 (907) 583-2315,+ 1 (907) 583-2316,2023/08/25 08:00:00+00,1385290,{961296AC-3BF0-47EF-AA6B-7D67C6031EDD},{8FC36979-F6F9-46FC-B574-1E26319990DA}
-160.789621,63.874733,262,Unalakleet,Unalakleet Post Office,Post Office,100 Main St,Unalakleet,AK,99684-9800,+ 1 (907) 624-3111,+ 1 (907) 624-3033,2023/08/25 08:00:00+00,1385343,{C3143A12-95C5-434E-A174-05E3A93C6CB4},{562AB9B4-7BA9-402D-9E38-E4A545F438D8}
-166.53527,53.872594,263,Unalaska,Unalaska Post Office,Post Office,82 Airport Beach Rd,Unalaska,AK,99685-9800,+ 1 (907) 581-1232,+ 1 (907) 581-4141,2023/08/25 08:00:00+00,1385344,{F020D8C7-7FD0-4AFE-85DC-43D1C0A0B5F0},{3ACEC562-9395-4B41-BF38-0CC6E91654CD}
-146.355203,61.1283940000001,264,Valdez,Valdez Post Office,Post Office,221 Tatitlek St,Valdez,AK,99686-9800,+ 1 (907) 835-4449,+ 1 (907) 835-2399,2023/08/25 08:00:00+00,1385626,{BDF957A0-FB1E-48AC-835A-A24FB2DFE444},{DB892DC6-9CF6-43F3-8CC0-97B245FFA324}
-146.414484,67.01554,265,Venetie,Venetie Post Office,Post Office,100 Main St,Venetie,AK,99781-9800,+ 1 (907) 849-8429,+ 1 (907) 849-8429,2023/08/25 08:00:00+00,1385806,{A3641C8B-440A-4FFF-AFC3-1602263D4212},{1DFDA3BF-F42A-415E-B20A-7742DDC63C6C}
-160.022412,70.6397160000001,266,Wainwright,Wainwright Post Office,Post Office,9998 Wainwright Rd,Wainwright,AK,99782-9800,+ 1 (907) 763-2020,,2023/08/25 08:00:00+00,1386164,{0B9370B1-7BCB-4AA4-B8CF-A63AECD907D3},{9A0D9544-DAAB-44CE-978B-50C19E97A17A}
-168.089735,65.610802,267,Wales,Wales Post Office,Post Office,500 Airport Junction Rd,Wales,AK,99783-9800,+ 1 (907) 664-3331,+ 1 (907) 664-2141,2023/08/25 08:00:00+00,1386225,{F8A9EA5F-A5D3-4A9C-B4B3-EDACC1AD5746},{C5DDE986-6683-4997-B4C4-31AE3ACC016C}
-131.722121,55.4104290000001,268,Ward Cove,Ward Cove Post Office,Post Office,7172 N Tongass Hwy,Ward Cove,AK,99928-9800,+ 1 (907) 247-2687,+ 1 (907) 247-0776,2023/08/25 08:00:00+00,1386378,{9DFC41E1-A701-49F8-9D31-93E3915A17DF},{F157F36A-F934-4FEF-BFC5-FA38172603DD}
-149.323709,61.5843570000001,269,Wasilla,Brentwood Contract Postal Unit,Contract Postal Unit,5050 E Dunbar Dr Ste G,Wasilla,AK,99654-7758,+ 1 (907) 376-5008,,2023/08/25 08:00:00+00,1439377,{8805779A-5590-497A-82CB-9053953A6555},{89E6BCFB-13C6-4424-A7DC-AD38DD10F886}
-149.652684,61.575654,270,Wasilla,Meadow Lakes Contract Postal Unit,Contract Postal Unit,745 S Rainbow St,Wasilla,AK,99623-9804,+ 1 (907) 357-6425,,2023/08/25 08:00:00+00,1439418,{8805779A-5590-497A-82CB-9053953A6555},{EA2542FB-5E82-4448-8860-1C88D1BDE436}
-149.569991,61.537693,271,Wasilla,Settlers Bay Mail Service Contract Postal Unit,Contract Postal Unit,4075 S Country Dr Ste B,Wasilla,AK,99623-533,+ 1 (907) 357-0993,+ 1 (800) 610-0601,2023/08/25 08:00:00+00,1439411,{8805779A-5590-497A-82CB-9053953A6555},{CEA8C507-58A9-41D3-8A20-860BED8EB60F}
-149.440788,61.5836170000001,272,Wasilla,Wasilla Post Office,Post Office,401 N Main St,Wasilla,AK,99654-9998,+ 1 (907) 376-5327,+ 1 (907) 376-7164,2023/08/25 08:00:00+00,1386558,{8805779A-5590-497A-82CB-9053953A6555},{3C14456D-A47C-4A63-9CAA-E60B4553861E}
-149.372444,61.5865440000001,273,Wasilla,Wasilla Annex Post Office,Post Office,626 N Bobby Day Cir,Wasilla,AK,99654-7369,+ 1 (907) 376-4206,+ 1 (907) 376-4202,2023/08/25 08:00:00+00,1386557,{8805779A-5590-497A-82CB-9053953A6555},{D302B351-5228-4B97-BC9A-E07BB5019A80}
-163.403989,64.679695,274,White Mountain,White Mountain Post Office,Post Office,100 Main St,White Mountain,AK,99784-9800,+ 1 (907) 638-3541,+ 1 (907) 638-3541,2023/08/25 08:00:00+00,1387508,{7B4ACF01-3330-4839-B43B-E98C4902C151},{D368D661-BA97-4218-AAA5-B49B321AF75A}
-148.686024,60.7722650000001,275,Whittier,Whittier Contract Postal Unit,Contract Postal Unit,9693 Kenai St,Whittier,AK,99693-9800,+ 1 (907) 472-2437,,2023/08/25 08:00:00+00,1439461,{52F6D695-370B-4814-8DA9-00DCC073CA83},{755244C0-A914-43C3-8674-7D06A1B32BD6}
-150.044177,61.7381560000001,276,Willow,Willow Post Office,Post Office,13232 N Mckinley Way,Willow,AK,99688-9800,+ 1 (907) 495-6266,+ 1 (907) 495-6270,2023/08/25 08:00:00+00,1387815,{60E92328-3CA2-4968-A065-270130CCEE76},{5A6B578C-480C-48EA-A74F-6FD3EA2589FE}
-132.387184,56.4724880000001,277,Wrangell,Wrangell Post Office,Post Office,112 Federal Way,Wrangell,AK,99929-9800,+ 1 (907) 874-3714,+ 1 (907) 874-2754,2023/08/25 08:00:00+00,1388328,{587C69F7-2A28-4CEE-BA2C-1A7F7DCCBED1},{088A2C3B-59D9-4613-8AB1-5F9A4A264713}
-139.733946,59.550804,278,Yakutat,Yakutat Post Office,Post Office,477 Mallotts Ave,Yakutat,AK,99689-9800,+ 1 (907) 784-3201,+ 1 (907) 784-3558,2023/08/25 08:00:00+00,1388417,{BF799AFC-92DA-47A3-89EF-4BB1B31FDE2B},{54CFB092-8D6A-4D6C-8F11-8466AF275698}
