,year,county,Unnamed: 0,"County 
FIPS 
code [1]",Size of adjusted gross income by county,Number of returns,Number of joint returns,Number with paid preparer's signature,Number of exemptions,Number of dependents,Adjusted gross income (AGI) [2],Salaries and wages in AGI,Unnamed: 9,Taxable interest,Unnamed: 11,Ordinary dividends,Unnamed: 13,Qualified dividends [3],Unnamed: 15,"Business or profession
net income (less loss)",Unnamed: 17,"Number of 
farm returns",Net capital gain (less loss) in AGI,Unnamed: 20,"Taxable individual retirement
arrangement distributions",Unnamed: 22,Pensions and annuities in AGI,Unnamed: 24,Unemployment compensation [4],Unnamed: 26,Social Security benefits in AGI,Unnamed: 28,Self-employment retirement plans,Unnamed: 30,Total itemized deductions,Unnamed: 32,State and local income taxes,Unnamed: 34,State and local general sales taxes,Unnamed: 36,Real estate taxes,Unnamed: 38,Taxes paid,Unnamed: 40,Mortgage interest paid,Unnamed: 42,Contributions,Unnamed: 44,Taxable income,Unnamed: 46,Total tax credits,Unnamed: 48,Residential energy credit,Unnamed: 50,Child tax credit,Unnamed: 52,Child and dependent care credit,Unnamed: 54,Additional child tax credit,Unnamed: 56,Earned income credit [5],Unnamed: 58,"Excess earned income 
credit (refundable) [6]",Unnamed: 60,Alternative minimum tax,Unnamed: 62,Income tax [7],Unnamed: 64,Total tax liability [8],Unnamed: 66,Tax due at time of filing [9],Unnamed: 68,Overpayments refunded [10],Unnamed: 70
0,2011,Aleutians East Borough,12,13,Under $1,0.0,0.0,0.0,0.0,0.0,0.0,0,0,0,0,0,0,0,0,0,0,0.0,0,0,0,0,0,0,0,0,0,0,0,0,0,0,0,0,0,0,0,0,0,0,0,0,0,0,0,0,0,0,0,0,0,0,0,0,0,0,0,0,0,0,0,0,0,0,0,0,0,0,0,0
1,2011,Aleutians East Borough,13,13,"$1 under $25,000",498.0,148.0,243.0,699.0,250.0,4165.0,377,8463,96,232,120,287,183,637,131,4369,0.0,24,124,0,0,0,0,119,312,0,0,0,0,0,0,0,0,0,0,23,90,0,0,0,0,0,0,346,6337,97,96,0,0,97,108,0,0,0,0,105,177,84,153,0,0,320,842,365,1085,219,1673,320,604
2,2011,Aleutians East Borough,14,13,"$25,000 under $50,000",361.0,0.0,113.0,589.0,170.0,12558.0,329,10012,26,63,93,454,0,0,55,1212,0.0,0,0,0,0,29,405,142,383,39,291,0,0,71,1192,32,12,0,0,0,0,51,128,27,283,35,93,356,7550,102,95,0,0,70,70,0,0,96,103,47,73,39,62,0,0,310,815,321,977,0,0,303,673
3,2011,Aleutians East Borough,15,13,"$50,000 under $75,000",142.0,61.0,70.0,309.0,106.0,8693.0,115,6132,47,9,54,119,45,105,60,1844,0.0,0,0,0,0,0,0,35,83,0,0,0,0,0,0,0,0,29,25,0,0,0,0,0,0,0,0,142,6177,50,72,0,0,0,0,0,0,0,0,0,0,0,0,0,0,138,837,140,1070,61,407,81,217
4,2011,Aleutians East Borough,16,13,"$75,000 under $100,000",0.0,0.0,0.0,0.0,0.0,0.0,0,0,0,0,29,50,24,45,32,1028,0.0,20,830,0,0,22,778,29,131,23,493,0,0,0,0,0,0,0,0,0,0,0,0,0,0,27,148,0,0,0,0,0,0,0,0,0,0,0,0,0,0,0,0,0,0,0,0,0,0,39,298,0,0
5,2011,Aleutians East Borough,17,13,"$100,000 under $200,000",86.0,68.0,0.0,223.0,0.0,14259.0,67,6214,0,0,49,482,46,414,0,0,0.0,0,0,0,0,0,0,0,0,0,0,0,0,31,670,0,0,0,0,22,64,29,87,23,282,0,0,86,12140,0,0,0,0,21,30,0,0,0,0,0,0,0,0,0,0,86,2413,86,2835,0,0,31,150
6,2011,Aleutians East Borough,18,13,"$200,000 or more",0.0,0.0,0.0,0.0,0.0,0.0,0,0,0,0,0,0,0,0,0,0,0.0,0,0,0,0,0,0,0,0,0,0,0,0,0,0,0,0,0,0,0,0,0,0,0,0,0,0,0,0,0,0,0,0,0,0,0,0,0,0,0,0,0,0,0,0,0,0,0,0,0,0,0,0
7,2011,Aleutians West Census Area,21,16,Under $1,0.0,0.0,0.0,0.0,0.0,0.0,0,0,0,0,0,0,0,0,0,0,0.0,0,0,0,0,0,0,0,0,0,0,0,0,0,0,0,0,0,0,0,0,0,0,0,0,0,0,0,0,0,0,0,0,0,0,0,0,0,0,0,0,0,0,0,0,0,0,0,0,0,0,0,0
8,2011,Aleutians West Census Area,22,16,"$1 under $25,000",873.0,57.0,378.0,1051.0,247.0,11884.0,734,10004,50,40,123,448,113,376,89,322,0.0,32,144,0,0,59,308,298,666,0,0,0,0,102,1123,0,0,0,0,0,0,22,31,0,0,79,59,638,3898,145,36,0,0,51,13,0,0,96,107,202,390,177,353,0,0,554,356,590,454,122,77,711,1199
9,2011,Aleutians West Census Area,23,16,"$25,000 under $50,000",670.0,135.0,286.0,1159.0,355.0,24135.0,643,20934,65,24,91,327,76,296,54,769,0.0,0,0,30,282,83,1137,252,674,54,330,0,0,136,2173,45,28,59,26,0,0,74,70,0,0,73,94,662,13762,210,180,0,0,134,140,0,0,78,107,83,133,64,116,0,0,593,1548,601,1682,86,165,582,1319
10,2011,Aleutians West Census Area,24,16,"$50,000 under $75,000",336.0,129.0,162.0,696.0,232.0,20802.0,324,18341,75,9,57,210,48,152,48,967,0.0,34,118,0,0,41,816,101,326,0,0,0,0,67,1312,0,0,33,17,46,135,57,112,49,422,35,131,334,14735,118,186,0,0,100,166,0,0,0,0,0,0,0,0,0,0,326,2070,329,2235,63,270,272,772
11,2011,Aleutians West Census Area,25,16,"$75,000 under $100,000",189.0,110.0,104.0,490.0,191.0,16351.0,183,14532,62,24,47,157,35,104,39,610,0.0,0,0,20,299,23,725,51,174,21,322,0,0,48,932,0,0,24,16,31,130,44,162,29,249,26,95,189,12259,79,143,0,0,69,121,36,17,0,0,0,0,0,0,0,0,187,1815,188,1910,39,119,148,543
12,2011,Aleutians West Census Area,26,16,"$100,000 under $200,000",255.0,183.0,163.0,715.0,277.0,34033.0,248,29762,123,89,96,295,84,262,77,3472,0.0,50,417,0,0,37,1306,35,114,0,0,0,0,124,2802,24,32,66,59,101,356,122,476,92,1280,74,438,255,27452,95,142,0,0,72,115,0,0,0,0,0,0,0,0,28,62,254,5064,254,5322,108,907,167,959
13,2011,Aleutians West Census Area,27,16,"$200,000 or more",27.0,22.0,21.0,79.0,30.0,8482.0,24,4159,0,0,0,0,0,0,0,0,0.0,0,0,0,0,0,0,0,0,0,0,0,0,0,0,0,0,0,0,0,0,0,0,0,0,0,0,27,7658,0,0,0,0,0,0,0,0,0,0,0,0,0,0,0,0,27,2001,27,2123,0,0,0,0
14,2011,Aleutians West Census Area,29,20,Anchorage Municipality,159583.0,52540.0,66830.0,285006.0,87321.0,10377779.0,133407,7546468,55016,101176,36340,211380,31222,157584,20239,399708,303.0,23514,216292,9601,189240,24563,697648,38640,119684,13464,160783,1464,30462,46404,1011632,13420,12882,3722,5050,42809,199590,44746,224457,40196,454204,34571,172903,137273,7742684,54100,67008,3866,1438,27738,33022,7035,3966,14263,18677,20260,40241,17764,36947,2778,10368,124220,1456308,128662,1521576,33785,124340,118068,353486
15,2011,Aleutians West Census Area,30,20,Under $1,1761.0,300.0,867.0,2181.0,319.0,-87802.0,402,13364,581,3018,393,1885,342,1209,466,-9972,0.0,533,755,61,1464,145,2521,64,212,0,0,0,0,0,0,0,0,0,0,0,0,0,0,0,0,0,0,0,0,76,4,0,0,52,3,0,0,70,93,137,126,95,84,0,0,0,0,218,650,118,277,936,3132
16,2011,Aleutians West Census Area,31,20,"$1 under $25,000",54480.0,3650.0,20224.0,60710.0,16468.0,628326.0,40283,462651,9254,7914,7559,23644,6276,18511,4456,25804,35.0,3291,2868,1074,5742,3309,26960,19538,55201,1602,2981,40,158,2349,37071,384,149,199,995,1664,5686,1945,7141,1432,12376,1249,2368,35060,190678,10652,3323,106,23,3879,797,470,109,7446,8438,13217,28035,11890,26236,0,0,29424,16395,32304,20886,9961,3091,41091,79823
17,2011,Aleutians West Census Area,32,20,"$25,000 under $50,000",38440.0,7750.0,14614.0,67256.0,21352.0,1409948.0,34006,1157758,8350,10991,6034,29717,4857,22621,3524,36690,20.0,3278,21136,1442,12981,4313,74730,10722,32421,3148,19667,88,560,6290,97529,1436,962,485,427,5243,16731,5760,18854,4999,43721,3757,8944,37448,832143,15203,14672,506,195,8768,8575,1748,966,5757,8692,6906,12080,5779,10627,0,0,31107,88397,32152,95580,4712,7062,33182,98614
18,2011,Aleutians West Census Area,33,20,"$50,000 under $75,000",21792.0,8406.0,9430.0,43960.0,13809.0,1340439.0,19383,1077658,8609,7547,5052,19052,4214,14152,3027,39938,31.0,3095,4837,1668,19519,4375,110562,4450,15223,2784,34071,125,1684,8621,141988,2173,1054,685,1213,7853,26938,8290,30197,7566,69913,5808,15980,21700,924103,8823,13109,803,278,5986,9539,1190,701,841,1223,0,0,0,0,31,246,20817,125502,21055,133115,4384,9996,16953,50733
19,2011,Aleutians West Census Area,34,20,"$75,000 under $100,000",14515.0,8920.0,6672.0,34365.0,10937.0,1257794.0,13078,984564,7553,6794,4246,12937,3679,7965,2525,36782,32.0,2823,5813,1492,22645,3830,122734,2142,8265,2157,34046,133,1974,7937,148680,2300,1381,604,399,7467,29198,7754,31936,7162,74757,5817,19407,14487,917185,6616,10787,706,215,4532,7854,1070,649,149,231,0,0,0,0,48,117,14326,134324,14375,141364,3488,9919,10611,37353
20,2011,Aleutians West Census Area,35,20,"$100,000 under $200,000",21901.0,17803.0,10580.0,58066.0,18368.0,2967254.0,20225,2301932,14757,19991,8670,32857,7713,22718,4505,106836,93.0,6531,30350,2765,62859,6725,261469,1592,7581,2907,51727,517,7652,15381,343358,5200,3739,1226,999,14887,72627,15216,79596,14134,172539,12634,53831,21887,2339400,9849,11936,1443,495,4521,6254,2028,1233,0,0,0,0,0,0,359,758,21858,418677,21869,436847,8112,36545,12767,51337
21,2011,Aleutians West Census Area,36,20,"$200,000 or more",6694.0,5711.0,4443.0,18468.0,6068.0,2861820.0,6030,1548541,5912,44921,4386,91288,4141,70408,1736,163630,92.0,3963,150533,1099,64030,1866,98672,132,781,866,18291,561,18434,5826,243006,1927,5597,523,1017,5695,48410,5781,56733,4903,80898,5306,72373,6691,2539175,2881,13177,302,232,0,0,529,308,0,0,0,0,0,0,2340,9247,6688,673013,6689,693134,3010,57450,2528,32494
22,2011,Bethel Census Area,39,50,Under $1,57.0,0.0,27.0,71.0,0.0,-1712.0,0,0,0,0,0,0,0,0,26,-457,0.0,0,0,0,0,0,0,0,0,0,0,0,0,0,0,0,0,0,0,0,0,0,0,0,0,0,0,0,0,0,0,0,0,0,0,0,0,0,0,0,0,0,0,0,0,0,0,0,0,0,0,30,100
23,2011,Bethel Census Area,40,50,"$1 under $25,000",3862.0,512.0,920.0,6091.0,2513.0,37524.0,3197,27451,206,164,379,417,243,309,562,720,0.0,30,99,21,170,177,1181,1531,4371,29,71,0,0,0,0,0,0,0,0,0,0,0,0,0,0,0,0,1812,6937,822,121,22,5,668,77,0,0,857,860,1600,3241,1455,3076,0,0,1614,631,1928,910,720,139,2956,6107
24,2011,Bethel Census Area,41,50,"$25,000 under $50,000",1440.0,511.0,444.0,3927.0,1986.0,52263.0,1374,43893,128,143,197,880,126,794,274,1232,0.0,27,98,22,128,137,1820,600,2577,73,360,0,0,55,630,0,0,0,0,0,0,39,111,21,213,27,111,1317,26059,775,674,0,0,657,572,46,20,460,937,557,1210,489,1072,0,0,952,2578,1086,2829,136,184,1294,4795
25,2011,Bethel Census Area,42,50,"$50,000 under $75,000",780.0,383.0,239.0,2283.0,1123.0,48025.0,759,42996,146,74,132,276,89,206,171,1013,0.0,33,36,35,277,86,1456,213,851,50,527,0,0,77,1179,50,62,51,60,40,99,66,126,50,438,43,189,779,31937,441,823,29,12,391,748,21,10,96,168,0,0,0,0,0,0,686,3900,724,4071,130,264,645,2047
26,2011,Bethel Census Area,43,50,"$75,000 under $100,000",395.0,221.0,147.0,1116.0,501.0,34147.0,388,30268,111,45,101,174,76,126,112,799,0.0,31,0.913,0,0,60,1592,93,336,25,339,0,0,70,1238,0,0,35,37,26,58,65,124,59,597,43,220,395,25633,207,410,0,0,176,365,20,10,0,0,0,0,0,0,0,0,393,3796,394,3987,103,236,284,1016
27,2011,Bethel Census Area,44,50,"$100,000 under $200,000",486.0,403.0,204.0,1509.0,620.0,63979.0,475,56566,235,110,136,256,104,200,111,1317,0.0,55,365,31,371,107,3430,44,179,32,539,0,0,175,3617,34,101,98,154,86,254,153,431,144,1682,127,767,485,51376,240,396,31,13,161,295,71,48,0,0,0,0,0,0,35,101,485,9060,486,9364,175,702,303,1212
28,2011,Bethel Census Area,45,50,"$200,000 or more",65.0,54.0,46.0,172.0,53.0,20559.0,62,13040,47,110,27,124,21,94,22,2108,0.0,22,359,0,0,20,1193,0,0,0,0,0,0,37,1066,0,0,24,74,0,0,35,182,32,432,29,372,65,18530,0,0,0,0,0,0,0,0,0,0,0,0,0,0,0,0,65,4788,65,4967,29,896,26,181
29,2011,Bristol Bay Borough,48,60,Under $1,0.0,0.0,0.0,0.0,0.0,0.0,0,0,0,0,0,0,0,0,0,0,0.0,0,0,0,0,0,0,0,0,0,0,0,0,0,0,0,0,0,0,0,0,0,0,0,0,0,0,0,0,0,0,0,0,0,0,0,0,0,0,0,0,0,0,0,0,0,0,0,0,0,0,0,0
30,2011,Bristol Bay Borough,49,60,"$1 under $25,000",220.0,0.0,129.0,226.0,41.0,1492.0,145,1396,46,33,96,144,90,133,100,246,0.0,0,0,0,0,26,307,47,148,22,153,0,0,0,0,0,0,0,0,0,0,0,0,0,0,0,0,133,655,32,8,0,0,0,0,0,0,39,42,61,107,49,82,0,0,109,54,147,135,71,58,135,233
31,2011,Bristol Bay Borough,50,60,"$25,000 under $50,000",118.0,30.0,65.0,215.0,67.0,4536.0,110,3721,26,5,48,59,44,55,41,355,0.0,45,52,0,0,0,0,32,159,0,0,0,0,0,0,0,0,0,0,0,0,0,0,0,0,0,0,116,2784,42,38,0,0,49,37,0,0,0,0,0,0,0,0,0,0,101,317,108,391,22,47,90,245
32,2011,Bristol Bay Borough,51,60,"$50,000 under $75,000",110.0,45.0,62.0,195.0,41.0,6679.0,102,5368,44,42,50,110,46,96,42,228,0.0,0,0,0,0,38,928,43,147,0,0,0,0,40,597,0,0,0,0,30,62,38,73,0,0,0,0,109,4920,32,37,0,0,22,29,0,0,0,0,0,0,0,0,0,0,107,700,108,762,29,64,79,221
33,2011,Bristol Bay Borough,52,60,"$75,000 under $100,000",62.0,39.0,35.0,137.0,36.0,5315.0,58,4309,31,12,26,49,22,38,26,233,0.0,21,212,0,0,0,0,0,0,29,527,0,0,0,0,0,0,0,0,0,0,0,0,44,369,39,87,62,4073,24,28,0,0,28,48,0,0,0,0,0,0,0,0,0,0,62,611,62,667,20,66,39,126
34,2011,Bristol Bay Borough,53,60,"$100,000 under $200,000",83.0,65.0,56.0,201.0,53.0,15489.0,75,7841,47,80,37,98,36,82,47,634,0.0,0,0,0,0,31,1095,0,0,0,0,0,0,25,432,0,0,0,0,22,57,23,133,0,0,0,0,83,13025,30,32,0,0,0,0,0,0,0,0,0,0,0,0,0,0,83,2860,83,2980,43,1085,34,125
35,2011,Bristol Bay Borough,54,60,"$200,000 or more",0.0,0.0,0.0,0.0,0.0,0.0,0,0,0,0,0,0,0,0,0,0,0.0,0,0,0,0,0,0,0,0,0,0,0,0,0,0,0,0,0,0,0,0,0,0,0,0,0,0,0,0,0,0,0,0,0,0,0,0,0,0,0,0,0,0,0,0,0,0,0,0,0,0,0,0
36,2011,Denali Borough,57,68,Under $1,0.0,0.0,0.0,0.0,0.0,0.0,0,0,0,0,0,0,0,0,0,0,0.0,0,0,0,0,0,0,0,0,0,0,0,0,0,0,0,0,0,0,0,0,0,0,0,0,0,0,0,0,0,0,0,0,0,0,0,0,0,0,0,0,0,0,0,0,0,0,0,0,0,0,0,0
37,2011,Denali Borough,58,68,"$1 under $25,000",415.0,39.0,160.0,403.0,43.0,4251.0,315,3577,106,78,60,81,48,39,57,254,0.0,34,-38,30,272,26,294,162,453,0,0,0,0,0,0,0,0,0,0,23,57,0,0,0,0,0,0,274,1623,54,14,0,0,0,0,0,0,23,23,80,103,63,81,0,0,258,164,286,212,69,28,309,392
38,2011,Denali Borough,59,68,"$25,000 under $50,000",288.0,62.0,106.0,432.0,85.0,10495.0,253,8021,122,131,60,92,52,73,31,386,0.0,40,-33,0,0,49,998,130,518,40,237,0,0,61,910,0,0,24,24,0,0,36,85,29,192,35,101,283,6509,81,68,0,0,57,48,0,0,30,43,27,38,20,30,0,0,258,768,265,838,41,79,242,518
39,2011,Denali Borough,60,68,"$50,000 under $75,000",180.0,87.0,83.0,368.0,101.0,11027.0,161,8928,96,236,41,92,37,51,48,248,0.0,37,63,20,355,32,910,53,206,39,495,0,0,45,770,45,48,0,0,33,77,33,84,37,381,30,78,180,7712,75,87,35,19,43,65,0,0,0,0,0,0,0,0,0,0,172,1056,174,1101,40,70,133,390
40,2011,Denali Borough,61,68,"$75,000 under $100,000",149.0,83.0,83.0,335.0,103.0,13071.0,136,10470,77,101,35,68,32,28,0,0,0.0,31,100,0,0,39,1379,32,146,0,0,0,0,36,675,0,0,0,0,0,0,27,48,29,272,22,137,149,10093,60,107,0,0,44,83,33,14,0,0,0,0,0,0,0,0,148,1543,149,1575,30,65,117,443
41,2011,Denali Borough,62,68,"$100,000 under $200,000",181.0,164.0,131.0,490.0,174.0,23366.0,169,18898,105,162,71,450,61,249,42,399,0.0,60,1723,22,296,60,2556,26,120,24,427,0,0,73,1687,22,53,0,0,36,143,61,216,57,663,55,423,181,19148,91,117,0,0,47,70,0,0,0,0,0,0,0,0,0,0,181,3372,181,3418,67,390,126,468
42,2011,Denali Borough,63,68,"$200,000 or more",23.0,0.0,0.0,52.0,0.0,8391.0,20,3889,20,122,0,0,0,0,0,0,0.0,0,0,0,0,0,0,0,0,0,0,0,0,0,0,0,0,0,0,0,0,0,0,0,0,0,0,23,7533,0,0,0,0,0,0,0,0,0,0,0,0,0,0,0,0,23,1885,23,1914,0,0,0,0
43,2011,Dillingham Census Area,66,70,Under $1,20.0,0.0,0.0,29.0,0.0,-539.0,0,0,0,0,0,0,0,0,0,0,0.0,0,0,0,0,0,0,0,0,0,0,0,0,0,0,0,0,0,0,0,0,0,0,0,0,0,0,0,0,0,0,0,0,0,0,0,0,0,0,0,0,0,0,0,0,0,0,0,0,0,0,0,0
44,2011,Dillingham Census Area,67,70,"$1 under $25,000",1142.0,135.0,831.0,1536.0,527.0,10947.0,763,5764,76,44,786,1123,740,1015,403,1626,0.0,38,10,0,0,50,322,301,803,0,0,0,0,0,0,0,0,28,16,26,54,0,0,26,176,21,58,566,2313,231,32,0,0,182,20,0,0,182,168,387,628,304,531,0,0,480,192,714,451,351,165,673,1129
45,2011,Dillingham Census Area,68,70,"$25,000 under $50,000",475.0,133.0,309.0,1065.0,459.0,17343.0,440,13646,73,23,325,589,317,566,160,1391,0.0,40,90,0,0,47,567,134,502,47,188,0,0,45,492,0,0,0,0,0,0,40,96,0,0,0,0,452,9527,231,201,27,26,181,168,23,14,111,194,121,225,96,167,0,0,361,956,412,1173,84,170,387,1071
46,2011,Dillingham Census Area,69,70,"$50,000 under $75,000",284.0,118.0,192.0,719.0,318.0,17547.0,276,14634,66,53,199,401,186,377,107,998,0.0,0,0,0,0,39,560,71,235,44,546,0,0,41,752,0,0,27,18,33,84,38,130,32,272,27,79,282,12013,142,240,0,0,120,221,0,0,24,37,0,0,0,0,0,0,259,1539,276,1710,73,181,208,635
47,2011,Dillingham Census Area,70,70,"$75,000 under $100,000",153.0,108.0,89.0,452.0,190.0,13373.0,144,10748,50,53,95,206,87,183,54,544,0.0,22,74,37,729,29,922,43,278,0,0,0,0,42,721,0,0,26,27,29,70,39,107,32,336,28,140,153,9815,85,173,0,0,70,150,21,13,0,0,0,0,0,0,22,45,152,1317,151,1406,39,146,110,366
48,2011,Dillingham Census Area,71,70,"$100,000 under $200,000",154.0,126.0,120.0,464.0,184.0,20327.0,151,15814,72,89,111,530,103,460,74,667,0.0,42,932,0,0,55,2175,0,0,21,437,0,0,74,1918,0,0,55,92,68,234,74,573,61,693,57,436,154,16346,75,130,0,0,45,88,0,0,0,0,0,0,0,0,0,0,154,2859,154,3071,83,595,93,415
49,2011,Dillingham Census Area,72,70,"$200,000 or more",27.0,25.0,0.0,74.0,22.0,10164.0,26,5385,24,33,0,0,0,0,0,0,0.0,0,0,0,0,0,0,0,0,0,0,0,0,0,0,0,0,0,0,0,0,0,0,0,0,0,0,27,9085,0,0,0,0,0,0,0,0,0,0,0,0,0,0,0,0,27,2381,27,2447,0,0,0,0
50,2011,Fairbanks North Star Borough,75,90,Under $1,564.0,111.0,270.0,779.0,133.0,-21053.0,150,3981,184,356,112,213,95,149,172,-2662,0.0,114,66,0,0,61,966,25,95,0,0,0,0,0,0,0,0,0,0,0,0,0,0,0,0,0,0,0,0,25,1,0,0,0,0,0,0,28,53,52,61,43,52,0,0,0,0,56,157,35,61,335,1257
51,2011,Fairbanks North Star Borough,76,90,"$1 under $25,000",18450.0,2325.0,5957.0,22266.0,5596.0,210572.0,14555,165468,3072,2915,2677,5221,2207,3608,1244,5224,46.0,1008,1026,299,1948,1083,10764,5341,15534,385,659,0,0,680,9891,115,210,99,124,454,1235,570,1705,403,3117,339,752,11100,60849,3228,1098,37,7,967,197,156,39,2699,3664,4659,10004,4242,9562,0,0,9409,5284,10186,6405,2616,792,14893,29805
52,2011,Fairbanks North Star Borough,77,90,"$25,000 under $50,000",11205.0,2890.0,3858.0,20136.0,6106.0,409430.0,9967,336757,2539,3708,1956,8817,1605,6765,955,7015,24.0,864,2990,384,3539,1410,27300,3043,10566,908,5435,45,307,1444,21792,306,183,236,233,1154,3061,1296,3771,1092,8626,758,2332,10944,239964,4604,4343,208,70,2579,2514,569,328,1752,2682,2062,3613,1776,3212,0,0,9074,25589,9356,27310,1223,1801,9878,29471
53,2011,Fairbanks North Star Borough,78,90,"$50,000 under $75,000",7009.0,3045.0,3014.0,14749.0,4699.0,431867.0,6223,342735,2722,2831,1562,4285,1330,2832,973,8351,35.0,917,1942,493,5709,1562,42959,1688,6736,918,11058,33,303,2136,33313,403,319,373,277,1896,5391,2026,6245,1814,15396,1276,4438,6988,301360,2942,4514,296,126,2019,3351,414,255,305,524,0,0,0,0,30,114,6668,40630,6752,42739,1268,2944,5613,17555
54,2011,Fairbanks North Star Borough,79,90,"$75,000 under $100,000",4882.0,3271.0,2280.0,12206.0,4053.0,423037.0,4434,333326,2411,2380,1417,3473,1238,2294,784,6916,34.0,846,2111,501,7372,1410,47055,854,3347,724,10611,0,0,2006,35507,509,335,336,279,1847,5811,1936,6660,1737,16231,1324,5395,4875,313168,2387,4068,297,102,1704,3087,380,229,41,62,0,0,0,0,0,0,4827,44801,4837,46525,1055,2795,3705,13681
55,2011,Fairbanks North Star Borough,80,90,"$100,000 under $200,000",6749.0,5753.0,3425.0,18233.0,5733.0,891518.0,6294,682973,4181,5613,2557,8370,2304,5560,1273,18874,62.0,1713,8290,838,21049,2436,98729,698,2820,922,14982,78,1057,3779,77076,1064,915,727,763,3619,13802,3726,15956,3400,36083,2888,14057,6748,714087,3125,4082,497,234,1560,2269,648,394,0,0,0,0,0,0,76,171,6736,125904,6742,129937,2382,10466,4114,16400
56,2011,Fairbanks North Star Borough,81,90,"$200,000 or more",1101.0,958.0,819.0,2907.0,848.0,474809.0,988,208643,955,8403,678,9414,645,7085,293,20795,24.0,588,58177,191,11181,427,28120,31,172,199,3747,58,1653,808,28657,180,1009,96,130,785,5255,797,6576,620,7953,708,9954,1099,432142,488,2052,80,125,0,0,73,50,0,0,0,0,0,0,306,1392,1097,110536,1098,112714,519,14145,394,6867
57,2011,Haines Borough,84,100,Under $1,37.0,0.0,26.0,49.0,0.0,-802.0,0,0,0,0,0,0,0,0,22,-279,0.0,0,0,0,0,0,0,0,0,0,0,0,0,0,0,0,0,0,0,0,0,0,0,0,0,0,0,0,0,0,0,0,0,0,0,0,0,0,0,0,0,0,0,0,0,0,0,0,0,0,0,0,0
58,2011,Haines Borough,85,100,"$1 under $25,000",610.0,93.0,268.0,728.0,142.0,7112.0,436,4394,203,261,134,237,94,114,159,944,0.0,85,-14,31,170,63,708,175,401,23,34,0,0,38,512,0,0,28,14,26,58,37,76,0,0,22,73,351,1854,74,17,0,0,31,6,0,0,63,69,174,262,128,198,0,0,307,178,396,355,148,108,416,658
59,2011,Haines Borough,86,100,"$25,000 under $50,000",344.0,107.0,126.0,560.0,109.0,12315.0,270,7761,139,783,75,216,41,152,97,1167,0.0,41,36,23,183,71,1601,95,318,61,311,0,0,48,762,0,0,38,31,39,95,45,127,48,401,27,120,338,7165,97,83,0,0,55,50,27,9,35,53,45,66,28,41,0,0,308,802,324,996,76,171,253,650
60,2011,Haines Borough,87,100,"$50,000 under $75,000",187.0,119.0,80.0,414.0,108.0,11416.0,143,6654,108,172,67,261,46,109,56,984,0.0,39,142,49,742,52,1700,38,130,45,466,0,0,42,713,0,0,30,25,37,103,42,148,27,224,31,135,185,7725,80,103,41,22,47,68,0,0,0,0,0,0,0,0,0,0,178,970,180,1143,55,175,122,392
61,2011,Haines Borough,88,100,"$75,000 under $100,000",120.0,90.0,70.0,282.0,72.0,10363.0,100,6578,70,55,42,179,32,94,27,277,0.0,36,144,0,0,41,1548,40,158,26,396,0,0,41,825,35,81,29,28,39,101,41,150,35,321,28,113,120,7621,55,94,0,0,50,74,0,0,0,0,0,0,0,0,0,0,120,1028,120,1111,40,123,73,379
62,2011,Haines Borough,89,100,"$100,000 under $200,000",114.0,96.0,75.0,282.0,72.0,21816.0,91,8785,80,593,57,671,45,500,37,1341,0.0,43,1353,21,519,46,1791,0,0,32,515,0,0,62,1445,0,0,44,75,59,204,62,328,47,439,50,289,114,18723,53,73,0,0,0,0,0,0,0,0,0,0,0,0,0,0,114,4146,114,4308,46,377,55,239
63,2011,Haines Borough,90,100,"$200,000 or more",0.0,0.0,0.0,0.0,0.0,0.0,0,0,0,0,0,0,0,0,0,0,0.0,0,0,0,0,0,0,0,0,0,0,0,0,0,0,0,0,0,0,0,0,0,0,0,0,0,0,0,0,0,0,0,0,0,0,0,0,0,0,0,0,0,0,0,0,0,0,0,0,0,0,0,0
64,2011,Hoonah-Angoon Census Area,93,105,Under $1,27.0,0.0,22.0,45.0,0.0,-769.0,0,0,0,0,0,0,0,0,0,0,0.0,0,0,0,0,0,0,0,0,0,0,0,0,0,0,0,0,0,0,0,0,0,0,0,0,0,0,0,0,0,0,0,0,0,0,0,0,0,0,0,0,0,0,0,0,0,0,0,0,0,0,0,0
65,2011,Hoonah-Angoon Census Area,94,105,"$1 under $25,000",480.0,68.0,184.0,619.0,166.0,5248.0,345,3153,99,98,91,153,63,82,131,402,0.0,48,123,0,0,37,335,175,473,0,0,0,0,37,516,0,0,0,0,0,0,30,40,0,0,0,0,244,1202,76,13,0,0,48,7,0,0,69,76,162,274,127,236,0,0,212,107,283,212,97,76,353,636
66,2011,Hoonah-Angoon Census Area,95,105,"$25,000 under $50,000",254.0,106.0,107.0,518.0,158.0,9195.0,203,5610,74,81,78,137,49,72,84,1071,0.0,31,101,40,341,54,1126,76,309,55,223,0,0,0,0,0,0,28,17,33,59,0,0,31,302,0,0,248,4981,95,79,26,10,58,55,0,0,39,71,52,83,34,55,0,0,210,530,232,713,60,159,190,553
67,2011,Hoonah-Angoon Census Area,96,105,"$50,000 under $75,000",136.0,86.0,60.0,307.0,86.0,8291.0,111,5505,62,132,44,69,29,32,46,696,0.0,27,79,0,0,34,812,46,185,31,341,0,0,38,633,0,0,0,0,0,0,35,61,0,0,37,122,136,5653,54,80,0,0,35,58,0,0,0,0,0,0,0,0,0,0,132,720,133,827,40,176,95,242
68,2011,Hoonah-Angoon Census Area,97,105,"$75,000 under $100,000",71.0,52.0,39.0,163.0,40.0,6103.0,55,3564,40,168,37,150,30,103,25,716,0.0,20,220,24,335,23,849,27,94,22,349,0,0,0,0,0,0,27,31,0,0,0,0,28,351,0,0,71,4634,27,37,0,0,29,48,0,0,0,0,0,0,0,0,0,0,70,642,70,733,20,132,47,126
69,2011,Hoonah-Angoon Census Area,98,105,"$100,000 under $200,000",83.0,77.0,50.0,208.0,48.0,13682.0,70,6808,53,256,44,525,33,460,42,1608,0.0,35,792,0,0,36,1425,0,0,22,458,0,0,26,667,0,0,0,0,21,75,26,205,0,0,22,111,83,11574,29,42,0,0,0,0,0,0,0,0,0,0,0,0,0,0,83,2297,83,2474,47,476,30,151
70,2011,Hoonah-Angoon Census Area,99,105,"$200,000 or more",0.0,0.0,0.0,0.0,0.0,0.0,0,0,0,0,0,0,0,0,0,0,0.0,0,0,0,0,0,0,0,0,0,0,0,0,0,0,0,0,0,0,0,0,0,0,0,0,0,0,0,0,0,0,0,0,0,0,0,0,0,0,0,0,0,0,0,0,0,0,0,0,0,0,0,0
71,2011,Juneau City and Borough,102,110,Under $1,201.0,33.0,93.0,248.0,30.0,-4025.0,55,2042,66,48,39,152,34,72,56,-1664,0.0,58,26,0,0,28,436,0,0,0,0,0,0,0,0,0,0,0,0,0,0,0,0,0,0,0,0,0,0,0,0,0,0,0,0,0,0,0,0,0,0,0,0,0,0,0,0,0,0,0,0,112,402
72,2011,Juneau City and Borough,103,110,"$1 under $25,000",5674.0,262.0,1955.0,5339.0,1088.0,62705.0,4071,43131,1064,795,1099,2340,843,1497,511,2649,0.0,390,72,133,794,441,3971,2040,6805,232,546,22,135,179,2939,0,0,93,69,112,281,150,373,92,793,90,181,3853,19918,929,318,0,0,282,61,36,9,506,513,1135,1857,984,1695,0,0,3305,1744,3605,2326,1147,445,4175,6620
73,2011,Juneau City and Borough,104,110,"$25,000 under $50,000",4153.0,610.0,1393.0,6386.0,1645.0,154844.0,3599,122962,1036,1675,934,4451,691,3364,448,4653,0.0,388,1248,174,1406,572,10810,1254,3986,411,2459,0,0,587,8848,77,51,362,299,457,1173,527,1553,444,3943,305,801,4082,97861,1398,1316,67,17,757,778,178,92,394,549,506,774,388,636,0,0,3586,10999,3668,11940,663,1205,3445,8655
74,2011,Juneau City and Borough,105,110,"$50,000 under $75,000",2792.0,1023.0,1146.0,5376.0,1565.0,172241.0,2484,136100,1176,1128,801,2335,648,1533,443,4730,0.0,457,821,214,2334,613,17130,592,1872,381,4315,25,220,931,14726,101,135,630,592,837,2288,908,3088,790,7311,588,1631,2786,121982,1051,1458,104,27,700,1117,147,75,94,140,0,0,0,0,0,0,2696,17001,2730,17940,647,1405,2084,5693
75,2011,Juneau City and Borough,106,110,"$75,000 under $100,000",1998.0,1262.0,934.0,4704.0,1443.0,172369.0,1795,132954,1057,1051,699,1799,563,962,434,5240,31.0,440,446,230,3368,533,19202,295,992,293,4049,33,254,1013,18419,113,160,723,753,953,2926,996,3924,912,9546,673,2144,1994,126827,894,1450,80,23,618,1074,180,99,0,0,0,0,0,0,0,0,1981,18521,1985,19588,511,1445,1429,4777
76,2011,Juneau City and Borough,107,110,"$100,000 under $200,000",2810.0,2417.0,1480.0,7493.0,2266.0,372468.0,2522,261047,1938,2288,1207,4661,1046,3139,733,17704,0.0,860,4411,439,10252,1056,51051,194,868,439,6901,89,1200,1843,39740,173,322,1416,2003,1798,6892,1837,9446,1688,20575,1426,5469,2808,294265,1287,1582,176,47,609,818,271,157,0,0,0,0,0,0,39,103,2804,51414,2805,54417,1167,6133,1510,5885
77,2011,Juneau City and Borough,108,110,"$200,000 or more",502.0,432.0,383.0,1278.0,344.0,178278.0,419,65546,452,2876,320,5463,297,4546,186,21983,0.0,300,14408,80,3979,211,15220,0,0,71,1382,66,2500,409,11859,33,338,336,633,400,2485,407,3519,334,4699,361,2504,502,160326,216,409,30,45,0,0,24,14,0,0,0,0,0,0,164,765,502,40210,502,42454,241,6659,149,1761
78,2011,Kenai Peninsula Borough,111,122,Under $1,492.0,174.0,339.0,741.0,109.0,-33137.0,123,3291,215,576,116,202,96,105,240,-3836,0.0,153,180,29,405,55,802,24,101,0,0,0,0,0,0,0,0,0,0,0,0,0,0,0,0,0,0,0,0,22,1,0,0,0,0,0,0,0,0,53,36,31,22,0,0,0,0,76,129,44,45,206,662
79,2011,Kenai Peninsula Borough,112,122,"$1 under $25,000",11092.0,1258.0,4349.0,12072.0,2646.0,121418.0,7413,75670,2281,2154,1687,4671,1376,3597,1911,10449,67.0,818,388,406,2627,920,9054,4029,11124,395,775,24,172,558,8521,41,105,372,224,405,825,519,1181,336,2673,318,712,6789,32732,1498,401,54,19,668,117,52,9,1155,1257,2498,4428,2045,3852,23,101,5975,2942,6936,4805,2598,1311,7458,12110
80,2011,Kenai Peninsula Borough,113,122,"$25,000 under $50,000",6134.0,1948.0,2613.0,11274.0,3230.0,223642.0,4949,155403,1825,2805,1145,4510,944,3353,1253,15806,40.0,716,2587,434,4820,1095,20750,1829,6932,989,5833,0,0,1084,16517,138,210,739,606,890,1889,1046,2808,807,5933,688,1881,5944,126084,2219,1913,163,50,1298,1268,142,57,828,1247,994,1726,735,1296,0,0,5066,13508,5410,16270,1144,2480,4830,12743
81,2011,Kenai Peninsula Borough,114,122,"$50,000 under $75,000",3996.0,2205.0,2048.0,8754.0,2556.0,247831.0,3280,171263,1780,2552,991,3127,833,2119,953,10944,35.0,702,2346,453,6652,1072,30462,943,3952,838,10905,26,255,1220,20330,147,194,886,933,1048,2137,1192,3394,968,7736,826,3045,3979,168609,1614,2266,182,80,1041,1734,110,54,169,315,0,0,0,0,0,0,3793,22037,3859,24270,1015,3019,2852,8663
82,2011,Kenai Peninsula Borough,115,122,"$75,000 under $100,000",2990.0,2136.0,1668.0,7384.0,2258.0,259206.0,2564,183340,1569,2488,894,2977,800,2025,740,10064,41.0,686,2146,401,7883,854,29809,609,2486,640,10253,34,435,1225,22370,164,252,902,1086,1132,2595,1209,4099,1052,9635,883,3538,2987,190942,1323,2162,170,63,901,1648,133,62,34,58,0,0,0,0,0,0,2951,26894,2964,28863,752,2887,2121,8134
83,2011,Kenai Peninsula Borough,116,122,"$100,000 under $200,000",4143.0,3407.0,2535.0,11030.0,3481.0,555384.0,3671,400419,2603,4595,1461,6069,1298,4214,1100,24285,70.0,1213,10238,629,19828,1228,50053,442,2062,740,12759,62,1155,2299,47317,293,503,1778,2771,2197,5996,2284,9696,2039,20977,1820,9413,4142,446798,1679,2237,247,136,853,1294,208,120,0,0,0,0,0,0,82,412,4129,79738,4134,83853,1507,9637,2451,10558
84,2011,Kenai Peninsula Borough,117,122,"$200,000 or more",749.0,645.0,615.0,1960.0,566.0,292806.0,639,113118,622,7753,394,6147,369,4750,288,29695,0.0,412,20780,135,12569,216,12956,28,150,124,2404,65,2185,559,20371,78,1061,436,938,534,2926,555,5136,442,5888,493,7054,749,262109,247,2433,37,33,0,0,0,0,0,0,0,0,0,0,229,979,748,66820,748,69305,412,13866,211,2942
85,2011,Ketchikan Gateway Borough,120,130,Under $1,139.0,55.0,98.0,234.0,43.0,-8173.0,44,1330,76,124,40,107,31,37,79,-772,0.0,51,292,0,0,29,327,0,0,0,0,0,0,0,0,0,0,0,0,0,0,0,0,0,0,0,0,0,0,0,0,0,0,0,0,0,0,0,0,20,15,0,0,0,0,0,0,30,65,0,0,51,215
86,2011,Ketchikan Gateway Borough,121,130,"$1 under $25,000",2749.0,263.0,1297.0,3120.0,744.0,32029.0,2041,22281,499,378,456,1059,296,672,350,1686,0.0,197,360,108,970,239,2034,1101,3128,82,125,0,0,105,1805,0,0,63,37,74,149,94,211,53,498,62,154,1717,9121,417,114,0,0,213,43,20,6,350,360,683,1255,596,1144,0,0,1526,831,1709,1171,484,279,2091,3463
87,2011,Ketchikan Gateway Borough,122,130,"$25,000 under $50,000",1705.0,360.0,831.0,2994.0,939.0,62839.0,1477,49126,457,450,368,1590,256,919,230,2672,0.0,163,545,89,797,255,4110,571,1864,193,1125,0,0,255,4070,33,25,164,134,213,513,246,691,207,1768,144,361,1662,37216,650,583,34,5,412,406,58,25,239,321,297,496,235,420,0,0,1413,4063,1466,4605,235,559,1442,3982
88,2011,Ketchikan Gateway Borough,123,130,"$50,000 under $75,000",1080.0,481.0,605.0,2233.0,673.0,66268.0,950,51352,445,426,291,551,218,292,186,2069,0.0,156,232,100,1211,247,6494,264,775,185,2258,0,0,334,5416,28,27,215,212,287,686,323,977,272,2449,210,671,1078,46056,418,605,37,9,302,499,38,24,33,43,0,0,0,0,0,0,1046,6217,1054,6631,228,539,822,2370
89,2011,Ketchikan Gateway Borough,124,130,"$75,000 under $100,000",734.0,541.0,420.0,1786.0,511.0,63551.0,645,47684,391,452,235,609,174,307,179,3559,0.0,138,450,83,1326,196,5860,132,548,129,2139,0,0,337,6312,26,46,243,309,312,814,333,1225,298,3069,244,921,733,46489,309,480,35,8,206,363,43,24,0,0,0,0,0,0,0,0,727,6530,730,7127,201,873,513,1769
90,2011,Ketchikan Gateway Borough,125,130,"$100,000 under $200,000",871.0,762.0,550.0,2394.0,762.0,115146.0,771,82037,602,1088,349,1567,272,916,234,6721,0.0,241,1633,120,3123,275,10302,80,363,161,2841,44,738,529,11449,54,559,387,606,498,1511,524,2352,478,5447,408,1872,871,90822,384,526,57,29,209,293,68,41,0,0,0,0,0,0,0,0,869,15768,869,16904,313,2060,514,2391
91,2011,Ketchikan Gateway Borough,126,130,"$200,000 or more",154.0,122.0,128.0,373.0,97.0,67076.0,123,22128,141,3136,90,2579,79,2186,67,9682,0.0,81,10164,32,1718,51,2741,0,0,28,686,22,1093,126,4869,0,0,100,225,121,721,126,1564,103,1693,108,879,154,60518,51,132,0,0,0,0,0,0,0,0,0,0,0,0,73,321,154,15313,154,16169,77,2170,44,986
92,2011,Kodiak Island Borough,129,150,Under $1,87.0,0.0,61.0,116.0,0.0,-2608.0,26,688,38,32,25,36,20,13,49,-419,0.0,28,53,0,0,0,0,0,0,0,0,0,0,0,0,0,0,0,0,0,0,0,0,0,0,0,0,0,0,0,0,0,0,0,0,0,0,0,0,0,0,0,0,0,0,0,0,0,0,0,0,41,86
93,2011,Kodiak Island Borough,130,150,"$1 under $25,000",2843.0,286.0,1380.0,3383.0,957.0,34976.0,2274,26382,478,259,345,898,294,678,408,2531,0.0,128,22,52,324,131,1084,948,2237,47,70,0,0,110,1454,0,0,73,46,85,195,103,274,72,512,67,130,1865,10282,552,143,0,0,241,52,20,5,410,425,681,1309,593,1208,0,0,1601,941,1798,1378,551,335,2133,3779
94,2011,Kodiak Island Borough,131,150,"$25,000 under $50,000",1831.0,607.0,888.0,3737.0,1307.0,66211.0,1621,52975,445,199,278,1316,230,1183,325,4835,0.0,146,281,60,560,171,2598,524,1534,158,902,31,334,265,3982,51,42,185,175,222,596,257,840,214,1785,174,390,1794,35746,828,744,39,11,551,538,70,35,359,492,405,675,324,588,0,0,1411,3573,1495,4339,315,900,1482,4350
95,2011,Kodiak Island Borough,132,150,"$50,000 under $75,000",1045.0,596.0,539.0,2670.0,1029.0,64320.0,927,49195,414,297,250,1371,223,1235,253,5635,0.0,123,251,61,573,180,3686,216,830,114,1489,0,0,320,5427,40,40,220,248,264,775,309,1141,263,2394,206,544,1042,42252,535,897,32,10,432,750,64,35,74,93,0,0,0,0,20,41,971,5048,994,5897,263,1234,767,2429
96,2011,Kodiak Island Borough,133,150,"$75,000 under $100,000",651.0,472.0,349.0,1749.0,626.0,56373.0,568,41274,356,232,226,1788,201,1515,209,4758,29.0,144,226,59,884,128,4136,82,305,86,1339,0,0,306,5969,30,39,225,281,286,904,303,1258,279,2683,221,924,650,40417,346,587,35,10,252,458,46,31,0,0,0,0,0,0,0,0,640,5366,647,6060,176,1127,453,1729
97,2011,Kodiak Island Borough,134,150,"$100,000 under $200,000",778.0,667.0,500.0,2180.0,735.0,103885.0,691,69274,519,770,330,1776,302,1547,268,11331,0.0,241,1960,80,2074,234,8152,67,304,104,1690,33,557,504,10575,47,118,419,623,486,1881,502,2654,453,4942,405,2006,778,82111,389,483,57,16,181,271,76,55,0,0,0,0,0,0,0,0,777,14130,778,15564,344,3152,393,1811
98,2011,Kodiak Island Borough,135,150,"$200,000 or more",170.0,141.0,147.0,414.0,103.0,71357.0,135,20372,157,813,113,1810,107,1486,83,8206,0.0,107,7972,22,756,45,2894,0,0,37,852,24,720,146,5684,0,0,122,235,143,1070,146,1408,117,1800,137,1378,170,61149,68,223,0,0,0,0,0,0,0,0,0,0,0,0,60,276,170,15208,170,16010,99,3005,44,608
99,2011,Lake and Peninsula Borough,138,164,Under $1,0.0,0.0,0.0,0.0,0.0,0.0,0,0,0,0,0,0,0,0,0,0,0.0,0,0,0,0,0,0,0,0,0,0,0,0,0,0,0,0,0,0,0,0,0,0,0,0,0,0,0,0,0,0,0,0,0,0,0,0,0,0,0,0,0,0,0,0,0,0,0,0,0,0,0,0
100,2011,Lake and Peninsula Borough,139,164,"$1 under $25,000",387.0,42.0,150.0,520.0,148.0,4071.0,298,2815,45,31,233,429,224,404,76,350,0.0,0,0,0,0,0,0,157,478,20,89,0,0,0,0,0,0,0,0,0,0,0,0,20,177,0,0,224,1218,60,15,0,0,46,10,0,0,54,56,115,199,98,181,0,0,175,101,209,200,88,75,268,458
101,2011,Lake and Peninsula Borough,140,164,"$25,000 under $50,000",180.0,62.0,90.0,393.0,155.0,6711.0,155,4540,39,14,110,260,101,236,77,1232,0.0,41,97,0,0,36,531,52,261,0,0,0,0,0,0,0,0,0,0,0,0,0,0,0,0,0,0,174,3767,79,73,0,0,55,50,0,0,41,77,36,70,26,51,0,0,136,377,154,545,51,201,128,381
102,2011,Lake and Peninsula Borough,141,164,"$50,000 under $75,000",103.0,48.0,61.0,228.0,78.0,6305.0,94,4778,33,9,64,196,61,156,39,653,0.0,0,0,0,0,0,0,40,160,31,498,0,0,30,545,0,0,0,0,0,0,26,49,0,0,26,162,103,4493,47,60,0,0,36,53,0,0,0,0,0,0,0,0,0,0,101,576,100,658,48,342,70,259
103,2011,Lake and Peninsula Borough,142,164,"$75,000 under $100,000",52.0,44.0,34.0,152.0,56.0,4482.0,48,3195,20,9,30,76,29,70,31,621,0.0,28,238,0,0,21,647,0,0,0,0,0,0,0,0,0,0,0,0,0,0,0,0,0,0,0,0,52,3336,27,50,0,0,41,80,0,0,0,0,0,0,0,0,0,0,51,433,52,516,0,0,51,210
104,2011,Lake and Peninsula Borough,143,164,"$100,000 under $200,000",59.0,50.0,44.0,179.0,70.0,8934.0,53,5025,36,82,42,235,40,208,40,1328,0.0,0,0,0,0,0,0,0,0,0,0,0,0,0,0,0,0,0,0,0,0,0,0,0,0,0,0,59,7494,33,66,0,0,0,0,0,0,0,0,0,0,0,0,0,0,59,1459,59,1618,33,680,0,0
105,2011,Lake and Peninsula Borough,144,164,"$200,000 or more",0.0,0.0,0.0,0.0,0.0,0.0,0,0,0,0,0,0,0,0,0,0,0.0,0,0,0,0,0,0,0,0,0,0,0,0,0,0,0,0,0,0,0,0,0,0,0,0,0,0,0,0,0,0,0,0,0,0,0,0,0,0,0,0,0,0,0,0,0,0,0,0,0,0,0,0
106,2011,Matanuska-Susitna Borough,147,170,Under $1,513.0,154.0,320.0,788.0,166.0,-17987.0,132,3836,206,436,108,174,91,89,209,-2797,20.0,162,251,0,0,43,475,20,77,0,0,0,0,0,0,0,0,0,0,0,0,0,0,0,0,0,0,0,0,39,8,0,0,29,6,0,0,29,37,37,54,29,34,0,0,0,0,69,142,36,61,231,822
107,2011,Matanuska-Susitna Borough,148,170,"$1 under $25,000",15311.0,1609.0,6107.0,17358.0,4653.0,161127.0,10344,104473,2897,2464,1702,4723,1328,3621,1759,9655,42.0,873,485,418,2802,1238,11709,5978,17457,470,1008,22,168,812,11687,97,35,396,143,609,1591,726,1834,548,4280,402,776,9194,42261,2481,633,65,14,1152,178,122,25,1903,2080,3685,7361,3241,6551,24,71,8115,3740,9261,5456,3318,983,10776,19027
108,2011,Matanuska-Susitna Borough,149,170,"$25,000 under $50,000",8779.0,2799.0,3986.0,17475.0,5940.0,322638.0,7351,239363,2451,2903,1227,4922,953,3839,1272,12768,51.0,773,3225,509,5110,1566,29463,2808,11523,1141,6615,0,0,1828,29000,270,157,1029,374,1583,4065,1763,4815,1485,13019,1064,2636,8425,176664,3439,3095,202,64,2174,2024,277,143,1530,2533,1830,3328,1448,2649,0,0,6904,18736,7372,21308,1210,2156,7442,21393
109,2011,Matanuska-Susitna Borough,150,170,"$50,000 under $75,000",6508.0,3566.0,3186.0,15601.0,5533.0,403424.0,5689,309590,2613,2097,1154,3105,943,2025,1132,11153,43.0,843,2460,548,7058,1502,39679,1605,7322,993,11979,40,380,2538,41860,415,332,1451,640,2359,6556,2485,7865,2249,19831,1578,4775,6473,266364,2992,4821,316,105,2228,3873,248,118,401,630,0,0,0,0,0,0,6064,33727,6175,36298,1291,3242,5078,16411
110,2011,Matanuska-Susitna Borough,151,170,"$75,000 under $100,000",4949.0,3625.0,2518.0,13460.0,4885.0,428993.0,4446,331847,2329,2631,1096,2662,892,1615,918,9430,43.0,800,2579,537,9053,1386,43579,1074,5081,728,11084,0,0,2558,46663,451,328,1481,769,2431,7418,2529,8930,2367,23464,1704,5776,4946,307409,2462,4621,236,111,1886,3728,237,130,66,124,0,0,0,0,21,23,4878,41985,4899,44328,1077,3076,3773,14561
111,2011,Matanuska-Susitna Borough,152,170,"$100,000 under $200,000",6491.0,5607.0,3572.0,18547.0,6451.0,861966.0,6083,688054,3800,4591,1760,4401,1509,2840,1273,23854,75.0,1403,9478,771,20352,1950,72001,769,3607,755,12362,75,1161,4421,92343,821,1368,2808,1810,4306,15706,4396,19777,4175,47632,3314,13219,6487,678765,2833,4116,386,186,1719,2602,463,264,0,0,0,0,0,0,95,187,6478,118675,6480,123526,2220,10619,4083,17836
112,2011,Matanuska-Susitna Borough,153,170,"$200,000 or more",1019.0,914.0,733.0,2906.0,973.0,365551.0,916,183806,835,5359,496,3911,459,2487,296,31680,28.0,484,32255,143,10064,332,18236,38,250,121,2150,64,2433,822,29159,157,911,544,540,807,4831,817,6446,709,10220,700,8896,1019,323499,296,772,55,84,0,0,31,18,0,0,0,0,0,0,313,1285,1018,81212,1018,84728,505,11682,380,3855
113,2011,Nome Census Area,156,180,Under $1,0.0,0.0,0.0,0.0,0.0,0.0,0,0,0,0,0,0,0,0,0,0,0.0,0,0,0,0,0,0,0,0,0,0,0,0,0,0,0,0,0,0,0,0,0,0,0,0,0,0,0,0,0,0,0,0,0,0,0,0,0,0,0,0,0,0,0,0,0,0,0,0,0,0,0,0
114,2011,Nome Census Area,157,180,"$1 under $25,000",1871.0,145.0,693.0,2878.0,1181.0,19380.0,1588,14207,144,157,182,272,116,137,172,673,0.0,49,23,31,180,93,874,827,2289,0,0,0,0,0,0,0,0,0,0,20,38,34,64,0,0,0,0,887,4212,432,83,0,0,354,54,0,0,463,411,805,1580,762,1507,0,0,756,373,864,490,232,67,1567,3179
115,2011,Nome Census Area,158,180,"$25,000 under $50,000",926.0,226.0,303.0,2182.0,1032.0,33406.0,887,28627,105,160,95,114,68,71,116,919,0.0,24,29,0,0,80,1153,324,1372,78,358,0,0,38,368,0,0,0,0,0,0,0,0,0,0,0,0,884,18069,456,460,0,0,382,384,39,16,240,430,299,566,250,490,0,0,682,1841,730,2017,80,138,843,2941
116,2011,Nome Census Area,159,180,"$50,000 under $75,000",484.0,179.0,205.0,1202.0,539.0,29345.0,462,24935,102,67,80,217,58,168,98,887,0.0,36,107,32,277,67,1100,128,524,51,591,0,0,55,683,29,18,48,38,36,61,48,100,49,427,38,118,484,20457,241,428,34,9,208,382,26,15,38,68,0,0,0,0,0,0,446,2636,460,2822,109,298,368,1192
117,2011,Nome Census Area,160,180,"$75,000 under $100,000",234.0,134.0,119.0,604.0,236.0,20086.0,221,16225,79,59,58,119,43,67,67,783,0.0,30,100,0,0,56,1645,43,155,35,536,0,0,51,847,0,0,26,31,36,69,46,113,41,355,21,111,233,15186,109,200,0,0,90,177,0,0,0,0,0,0,0,0,0,0,231,2256,233,2386,61,212,170,606
118,2011,Nome Census Area,161,180,"$100,000 under $200,000",364.0,307.0,191.0,1111.0,440.0,48705.0,353,41535,174,261,85,164,71,121,120,1219,0.0,62,423,28,878,108,3775,34,160,37,665,0,0,139,2532,23,41,97,126,120,299,139,470,123,1338,112,721,364,39619,188,275,26,14,118,194,45,29,0,0,0,0,0,0,27,80,364,7038,364,7326,145,550,222,1049
119,2011,Nome Census Area,162,180,"$200,000 or more",46.0,40.0,34.0,135.0,49.0,17732.0,39,6934,38,503,27,381,23,335,22,2231,0.0,23,1163,0,0,0,0,0,0,0,0,0,0,26,667,0,0,20,36,22,93,26,144,21,213,0,0,46,16341,0,0,0,0,0,0,0,0,0,0,0,0,0,0,0,0,46,4389,46,4631,26,617,0,0
120,2011,North Slope Borough,165,185,Under $1,41.0,0.0,20.0,0.0,0.0,-82.0,0,0,0,0,0,0,0,0,0,0,0.0,0,0,0,0,0,0,0,0,0,0,0,0,0,0,0,0,0,0,0,0,0,0,0,0,0,0,0,0,0,0,0,0,0,0,0,0,0,0,0,0,0,0,0,0,0,0,0,0,0,0,34,32
121,2011,North Slope Borough,166,185,"$1 under $25,000",1995.0,74.0,1149.0,1753.0,605.0,13765.0,1012,8680,71,32,569,994,510,877,63,318,0.0,0,0,21,173,65,614,381,1020,0,0,0,0,0,0,0,0,0,0,0,0,0,0,20,142,0,0,1328,3501,173,39,0,0,137,25,0,0,233,208,370,702,345,672,0,0,1230,297,1280,366,157,36,1776,2669
122,2011,North Slope Borough,167,185,"$25,000 under $50,000",746.0,95.0,388.0,1512.0,674.0,27799.0,693,23747,34,67,292,1101,265,999,45,183,0.0,0,0,0,0,78,1126,166,558,68,377,0,0,63,697,34,8,0,0,0,0,58,91,0,0,43,146,731,16605,311,383,20,19,277,338,28,16,137,208,153,232,117,192,0,0,590,1674,606,1736,43,59,702,2423
123,2011,North Slope Borough,168,185,"$50,000 under $75,000",544.0,135.0,277.0,1217.0,539.0,33326.0,521,29630,68,65,205,702,185,636,49,366,0.0,57,228,0,0,57,1249,94,277,48,677,0,0,84,1130,49,23,0,0,58,139,74,134,45,359,58,255,544,23989,240,449,0,0,220,415,0,0,26,36,0,0,0,0,0,0,516,3185,521,3259,49,116,492,1865
124,2011,North Slope Borough,169,185,"$75,000 under $100,000",289.0,117.0,168.0,726.0,320.0,24837.0,281,22403,55,19,121,490,106,464,32,263,0.0,0,0,23,481,39,799,42,186,22,420,0,0,75,1318,40,17,33,59,46,142,68,184,46,482,57,344,289,18934,138,249,0,0,121,218,21,18,0,0,0,0,0,0,0,0,288,2898,288,2958,44,116,242,1060
125,2011,North Slope Borough,170,185,"$100,000 under $200,000",385.0,280.0,221.0,1157.0,492.0,51355.0,374,45554,123,38,184,535,161,437,91,2327,0.0,42,136,0,0,91,3678,28,101,35,665,0,0,114,2366,77,51,0,0,94,335,110,408,96,1015,88,598,385,41931,145,233,0,0,101,185,0,0,0,0,0,0,0,0,41,56,384,7720,383,7923,116,563,265,1239
126,2011,North Slope Borough,171,185,"$200,000 or more",59.0,58.0,38.0,170.0,53.0,15706.0,57,11830,26,34,41,531,40,519,0,0,0.0,0,0,0,0,0,0,0,0,0,0,0,0,34,826,0,0,0,0,23,92,30,115,23,271,30,386,59,13967,0,0,0,0,0,0,0,0,0,0,0,0,0,0,0,0,59,3275,59,3375,27,273,30,164
127,2011,Northwest Arctic Borough,174,188,Under $1,0.0,0.0,0.0,0.0,0.0,0.0,0,0,0,0,0,0,0,0,0,0,0.0,0,0,0,0,0,0,0,0,0,0,0,0,0,0,0,0,0,0,0,0,0,0,0,0,0,0,0,0,0,0,0,0,0,0,0,0,0,0,0,0,0,0,0,0,0,0,0,0,0,0,0,0
128,2011,Northwest Arctic Borough,175,188,"$1 under $25,000",1286.0,96.0,410.0,2031.0,840.0,12506.0,1063,9512,33,24,218,370,116,248,56,79,0.0,0,0,0,0,75,490,581,1826,0,0,0,0,20,304,0,0,0,0,0,0,0,0,0,0,0,0,571,2747,333,59,0,0,272,42,0,0,315,277,537,1068,510,1050,0,0,465,236,514,266,118,13,1110,2316
129,2011,Northwest Arctic Borough,176,188,"$25,000 under $50,000",605.0,135.0,214.0,1457.0,721.0,21856.0,570,18358,35,13,125,213,61,118,40,285,0.0,0,0,0,0,84,1099,239,1109,51,218,0,0,0,0,0,0,0,0,0,0,0,0,0,0,0,0,565,11734,318,324,0,0,274,285,27,14,164,287,198,406,175,364,0,0,437,1163,470,1235,43,57,554,1981
130,2011,Northwest Arctic Borough,177,188,"$50,000 under $75,000",347.0,118.0,125.0,885.0,419.0,21122.0,331,17818,53,32,106,218,50,177,45,382,0.0,40,52,39,495,66,1391,112,460,37,427,0,0,32,459,0,0,29,54,30,119,38,180,47,427,32,151,347,14734,184,312,0,0,160,287,0,0,30,64,0,0,0,0,0,0,319,1913,328,2025,46,84,298,1008
131,2011,Northwest Arctic Borough,178,188,"$75,000 under $100,000",248.0,114.0,98.0,737.0,375.0,21484.0,244,19216,44,26,80,139,41,86,36,206,0.0,0,0,0,0,40,764,71,261,21,278,0,0,35,627,34,62,0,0,0,0,27,72,0,0,29,179,248,16154,139,297,39,15,126,276,32,16,0,0,0,0,0,0,31,61,246,2381,247,2465,43,124,203,901
132,2011,Northwest Arctic Borough,179,188,"$100,000 under $200,000",290.0,217.0,135.0,912.0,405.0,38697.0,284,33775,101,165,133,193,67,131,74,2344,0.0,31,180,21,442,72,2003,43,188,29,445,0,0,85,1593,0,0,38,60,35,117,71,267,67,682,62,415,290,31705,144,231,0,0,101,176,0,0,0,0,0,0,0,0,0,0,290,5790,290,6009,110,744,209,879
133,2011,Northwest Arctic Borough,180,188,"$200,000 or more",31.0,24.0,0.0,99.0,44.0,8267.0,30,5760,0,0,0,0,0,0,0,0,0.0,0,0,0,0,0,0,0,0,0,0,0,0,0,0,0,0,0,0,0,0,0,0,0,0,0,0,31,7428,0,0,0,0,0,0,0,0,0,0,0,0,0,0,0,0,31,1822,31,1907,0,0,0,0
134,2011,Petersburg Census Area,183,195,Under $1,36.0,0.0,30.0,53.0,0.0,-4927.0,0,0,21,39,0,0,0,0,26,-240,0.0,0,0,0,0,0,0,0,0,0,0,0,0,0,0,0,0,0,0,0,0,0,0,0,0,0,0,0,0,0,0,0,0,0,0,0,0,0,0,0,0,0,0,0,0,0,0,0,0,0,0,0,0
135,2011,Petersburg Census Area,184,195,"$1 under $25,000",790.0,94.0,372.0,845.0,192.0,8706.0,540,5336,181,131,149,294,94,188,224,1491,0.0,66,218,25,169,56,496,269,721,21,34,24,234,33,588,20,31,0,0,20,55,28,65,0,0,20,43,489,2438,113,33,0,0,60,14,0,0,88,87,173,280,130,249,0,0,424,218,532,556,244,301,503,813
136,2011,Petersburg Census Area,185,195,"$25,000 under $50,000",477.0,137.0,244.0,841.0,238.0,17455.0,372,11566,155,168,119,155,70,77,180,3405,0.0,62,52,28,271,71,1212,121,421,58,295,0,0,65,1252,0,0,65,45,54,114,61,153,70,534,30,81,464,10196,183,172,23,11,105,102,38,16,67,84,69,123,50,94,0,0,404,1133,430,1609,132,567,334,891
137,2011,Petersburg Census Area,186,195,"$50,000 under $75,000",295.0,154.0,186.0,638.0,191.0,18124.0,222,10515,145,180,92,316,64,165,138,4040,0.0,56,137,32,278,62,1613,56,215,59,710,0,0,81,1203,0,0,58,57,71,156,78,248,61,464,50,150,295,12557,128,187,0,0,87,154,0,0,0,0,0,0,0,0,0,0,290,1622,292,2162,118,708,164,429
138,2011,Petersburg Census Area,187,195,"$75,000 under $100,000",189.0,142.0,124.0,475.0,144.0,16458.0,145,9616,120,250,71,370,57,209,92,2955,0.0,54,171,27,449,50,1754,36,146,42,555,0,0,66,1284,20,79,48,58,53,179,64,242,54,486,46,187,189,12095,84,142,21,7,55,110,27,13,0,0,0,0,0,0,0,0,188,1641,189,2008,79,493,96,292
139,2011,Petersburg Census Area,188,195,"$100,000 under $200,000",229.0,189.0,157.0,573.0,156.0,30236.0,181,14763,177,472,100,684,81,417,112,5963,0.0,95,1639,46,1994,75,3285,28,128,58,1118,30,827,123,2548,0,0,95,148,111,367,122,550,91,850,101,512,229,24415,123,153,0,0,43,66,0,0,0,0,0,0,0,0,0,0,228,4136,227,4851,118,1405,111,635
140,2011,Petersburg Census Area,189,195,"$200,000 or more",50.0,46.0,45.0,149.0,53.0,23897.0,31,3761,46,604,34,1334,30,1176,32,5966,0.0,32,5399,0,0,0,0,0,0,0,0,0,0,39,2477,0,0,32,77,37,190,38,335,29,321,37,602,50,20012,0,0,0,0,0,0,0,0,0,0,0,0,0,0,37,181,50,4459,50,4908,31,1941,0,0
141,2011,Prince of Wales-Hyder Census Area,192,198,Under $1,41.0,0.0,27.0,59.0,0.0,-2231.0,0,0,20,23,0,0,0,0,22,-308,0.0,0,0,0,0,0,0,0,0,0,0,0,0,0,0,0,0,0,0,0,0,0,0,0,0,0,0,0,0,0,0,0,0,0,0,0,0,0,0,0,0,0,0,0,0,0,0,0,0,0,0,0,0
142,2011,Prince of Wales-Hyder Census Area,193,198,"$1 under $25,000",1077.0,178.0,409.0,1495.0,460.0,12244.0,847,8163,175,114,192,228,134,133,192,993,0.0,55,23,35,244,96,838,491,1516,28,60,0,0,26,393,23,30,0,0,24,40,0,0,0,0,0,0,567,2811,178,34,0,0,120,20,0,0,182,178,355,671,306,622,0,0,503,265,600,470,180,142,843,1532
143,2011,Prince of Wales-Hyder Census Area,194,198,"$25,000 under $50,000",582.0,184.0,230.0,1153.0,388.0,21039.0,525,16517,114,83,120,133,82,65,117,1333,0.0,24,20,0,0,70,1051,249,929,63,330,0,0,44,693,0,0,35,22,0,0,55,84,36,238,33,101,571,11751,232,229,0,0,170,181,33,13,115,149,129,222,102,182,0,0,471,1251,496,1461,76,174,495,1290
144,2011,Prince of Wales-Hyder Census Area,195,198,"$50,000 under $75,000",339.0,189.0,180.0,756.0,231.0,20720.0,294,14936,117,122,79,278,50,204,102,1482,0.0,34,100,31,277,71,1689,104,443,62,724,0,0,61,1109,0,0,33,47,25,95,52,166,44,355,42,161,337,14216,123,193,38,19,87,155,0,0,0,0,0,0,0,0,0,0,322,1850,326,2074,103,384,224,667
145,2011,Prince of Wales-Hyder Census Area,196,198,"$75,000 under $100,000",182.0,149.0,107.0,495.0,164.0,15588.0,165,11860,83,125,63,190,47,116,60,756,0.0,23,137,0,0,39,1022,68,292,29,480,0,0,47,891,21,51,24,25,25,49,42,91,40,421,32,161,182,11407,79,151,0,0,65,127,0,0,0,0,0,0,0,0,0,0,180,1510,180,1665,48,191,128,468
146,2011,Prince of Wales-Hyder Census Area,197,198,"$100,000 under $200,000",196.0,188.0,135.0,567.0,213.0,25483.0,194,21469,150,352,83,389,72,303,85,3424,0.0,56,492,20,580,59,2275,29,103,29,524,0,0,72,1743,0,0,46,64,41,105,64,220,52,637,64,481,196,20536,101,309,0,0,60,82,0,0,0,0,0,0,0,0,0,0,215,5305,215,5777,109,1302,96,384
147,2011,Prince of Wales-Hyder Census Area,198,198,"$200,000 or more",20.0,0.0,0.0,50.0,0.0,7798.0,0,0,0,0,0,0,0,0,0,0,0.0,0,0,0,0,0,0,0,0,0,0,0,0,0,0,0,0,0,0,0,0,0,0,0,0,0,0,20,7060,0,0,0,0,0,0,0,0,0,0,0,0,0,0,0,0,0,0,0,0,0,0,0,0
148,2011,Sitka City and Borough,201,220,Under $1,78.0,0.0,66.0,106.0,0.0,-5454.0,23,563,31,240,24,61,0,0,49,-349,0.0,0,0,0,0,0,0,0,0,0,0,0,0,0,0,0,0,0,0,0,0,0,0,0,0,0,0,0,0,0,0,0,0,0,0,0,0,0,0,0,0,0,0,0,0,0,0,0,0,0,0,31,151
149,2011,Sitka City and Borough,202,220,"$1 under $25,000",1751.0,140.0,997.0,1786.0,373.0,20723.0,1196,13508,430,276,393,1008,248,764,350,1874,0.0,162,-63,80,615,185,1878,469,1422,74,128,0,0,79,1672,0,0,58,30,58,92,71,126,46,426,37,50,1154,6531,278,72,0,0,97,22,22,5,157,157,387,564,288,482,0,0,1011,596,1187,959,422,282,1223,1985
150,2011,Sitka City and Borough,203,220,"$25,000 under $50,000",1218.0,284.0,697.0,2082.0,582.0,44408.0,1024,33255,387,264,328,1142,175,756,268,3523,0.0,123,294,61,555,179,3541,287,988,144,841,26,319,165,2873,36,35,111,78,139,266,162,371,126,1234,87,259,1196,26289,472,394,28,9,262,259,65,28,170,228,189,300,141,232,0,0,1029,2870,1079,3465,214,584,981,2534
151,2011,Sitka City and Borough,204,220,"$50,000 under $75,000",712.0,359.0,456.0,1549.0,478.0,44291.0,603,31756,332,325,218,550,121,294,205,3332,0.0,107,314,58,497,159,4350,129,483,117,1384,0,0,229,3820,0,0,186,172,208,421,227,627,179,2038,144,445,711,30232,295,449,32,9,210,347,61,28,0,0,0,0,0,0,0,0,689,3963,699,4635,182,769,510,1463
152,2011,Sitka City and Borough,205,220,"$75,000 under $100,000",486.0,358.0,353.0,1230.0,387.0,41991.0,424,28981,308,521,168,541,125,248,175,3595,0.0,111,533,62,730,140,5141,52,189,93,1308,0,0,210,4104,20,28,166,186,188,451,207,687,178,2005,148,598,485,30396,250,388,0,0,168,286,45,21,0,0,0,0,0,0,0,0,485,4159,486,4691,146,701,321,1405
153,2011,Sitka City and Borough,206,220,"$100,000 under $200,000",511.0,442.0,367.0,1373.0,420.0,66750.0,444,43784,376,593,246,1033,180,670,193,6568,0.0,160,1048,68,1927,166,6492,26,100,99,1697,39,715,289,6376,37,158,238,333,281,713,286,1113,261,3377,218,1122,511,52734,254,322,35,11,118,162,59,36,0,0,0,0,0,0,0,0,510,9053,509,9981,209,1855,276,1134
154,2011,Sitka City and Borough,207,220,"$200,000 or more",112.0,92.0,103.0,287.0,83.0,53547.0,88,14574,107,1392,83,5069,78,4657,45,5598,0.0,78,4220,22,865,36,1736,0,0,26,522,0,0,82,2805,0,0,62,120,80,463,81,735,59,949,69,810,112,48369,55,59,0,0,0,0,0,0,0,0,0,0,0,0,41,168,112,12500,112,12986,69,2461,29,512
155,2011,Sitka City and Borough,209,230,Skagway Municipality,692.0,181.0,263.0,1019.0,184.0,35605.0,591,24329,290,692,129,229,102,113,150,1768,0.0,104,974,33,307,108,2008,298,1104,57,768,0,0,118,2319,28,178,69,58,101,238,114,490,95,915,61,250,613,26431,147,166,0,0,63,91,32,18,0,0,50,65,35,55,0,0,598,4492,617,4972,150,988,502,1206
156,2011,Sitka City and Borough,210,230,Under $1,0.0,0.0,0.0,0.0,0.0,0.0,0,0,0,0,0,0,0,0,0,0,0.0,0,0,0,0,0,0,0,0,0,0,0,0,0,0,0,0,0,0,0,0,0,0,0,0,0,0,0,0,0,0,0,0,0,0,0,0,0,0,0,0,0,0,0,0,0,0,0,0,0,0,0,0
157,2011,Sitka City and Borough,211,230,"$1 under $25,000",263.0,0.0,86.0,254.0,30.0,2605.0,207,2534,76,77,33,41,21,15,40,-193,0.0,24,0.116,0,0,28,205,114,304,0,0,0,0,0,0,0,0,0,0,0,0,0,0,23,162,0,0,185,1082,21,7,0,0,0,0,0,0,0,0,50,65,35,55,0,0,176,107,190,145,48,30,196,366
158,2011,Sitka City and Borough,212,230,"$25,000 under $50,000",174.0,28.0,49.0,228.0,26.0,6416.0,156,5173,49,46,27,27,24,10,36,332,0.0,22,34,33,307,23,371,91,354,31,270,0,0,35,478,0,0,39,22,43,82,53,112,0,0,37,124,173,4241,33,32,0,0,29,35,0,0,0,0,0,0,0,0,0,0,167,527,172,629,30,76,142,250
159,2011,Sitka City and Borough,213,230,"$50,000 under $75,000",112.0,39.0,44.0,179.0,27.0,6909.0,103,5586,58,56,37,84,31,35,38,469,0.0,27,124,0,0,32,908,46,212,0,0,0,0,20,253,28,178,0,0,0,0,0,0,36,290,0,0,112,5218,28,27,0,0,0,0,0,0,0,0,0,0,0,0,0,0,112,791,112,857,46,122,83,250
160,2011,Sitka City and Borough,214,230,"$75,000 under $100,000",60.0,41.0,33.0,144.0,43.0,5183.0,52,3697,41,56,0,0,0,0,0,0,0.0,0,0,0,0,0,0,27,136,26,498,0,0,21,344,0,0,0,0,20,41,20,64,0,0,0,0,60,3903,27,47,0,0,34,56,32,18,0,0,0,0,0,0,0,0,60,567,60,598,0,0,36,133
161,2011,Sitka City and Borough,215,230,"$100,000 under $200,000",83.0,73.0,51.0,214.0,58.0,14492.0,73,7339,66,457,32,77,26,53,36,1160,0.0,31,816,0,0,25,524,20,98,0,0,0,0,42,1244,0,0,30,36,38,115,41,314,36,463,24,126,83,11987,38,53,0,0,0,0,0,0,0,0,0,0,0,0,0,0,83,2500,83,2743,26,760,45,207
162,2011,Sitka City and Borough,216,230,"$200,000 or more",0.0,0.0,0.0,0.0,0.0,0.0,0,0,0,0,0,0,0,0,0,0,0.0,0,0,0,0,0,0,0,0,0,0,0,0,0,0,0,0,0,0,0,0,0,0,0,0,0,0,0,0,0,0,0,0,0,0,0,0,0,0,0,0,0,0,0,0,0,0,0,0,0,0,0,0
163,2011,Southeast Fairbanks Census Area,219,240,Under $1,54.0,27.0,40.0,100.0,21.0,-1911.0,22,219,24,41,0,0,0,0,26,-245,30.0,0,0,0,0,0,0,0,0,0,0,0,0,0,0,0,0,0,0,0,0,0,0,0,0,0,0,0,0,0,0,0,0,0,0,0,0,0,0,0,0,0,0,0,0,0,0,0,0,0,0,27,38
164,2011,Southeast Fairbanks Census Area,220,240,"$1 under $25,000",1409.0,226.0,638.0,1877.0,555.0,15629.0,995,10046,224,200,275,272,222,167,199,1134,0.0,83,26,29,288,146,1593,546,1548,29,58,0,0,41,571,0,0,0,0,0,0,0,0,0,0,21,93,784,3652,197,42,0,0,122,18,0,0,209,238,416,835,372,734,0,0,708,348,839,558,279,106,1032,1939
165,2011,Southeast Fairbanks Census Area,221,240,"$25,000 under $50,000",748.0,301.0,331.0,1687.0,639.0,27407.0,643,20991,190,192,148,251,111,185,117,223,33.0,51,172,38,286,128,2902,278,1289,110,539,0,0,77,1145,37,12,29,27,26,50,66,74,55,420,43,260,715,14443,337,296,34,12,240,216,39,21,164,278,184,366,155,308,0,0,559,1498,602,1661,90,130,646,1912
166,2011,Southeast Fairbanks Census Area,222,240,"$50,000 under $75,000",527.0,322.0,247.0,1340.0,492.0,32565.0,460,24643,186,241,117,265,91,196,105,403,0.0,58,348,36,510,123,3328,160,755,91,1102,0,0,92,1636,31,22,0,0,27,42,56,73,61,513,64,599,526,21725,245,392,24,15,185,324,0,0,49,86,0,0,0,0,0,0,484,2710,499,2849,106,193,406,1259
167,2011,Southeast Fairbanks Census Area,223,240,"$75,000 under $100,000",374.0,267.0,183.0,983.0,341.0,32259.0,338,25012,161,202,94,196,76,120,75,571,32.0,61,136,35,729,112,3531,72,349,61,861,0,0,110,1970,29,28,0,0,34,59,61,104,76,704,77,626,374,23893,168,315,25,6,127,267,34,18,0,0,0,0,0,0,22,79,367,3365,369,3577,85,253,276,958
168,2011,Southeast Fairbanks Census Area,224,240,"$100,000 under $200,000",409.0,349.0,207.0,1113.0,355.0,52737.0,383,39565,235,393,126,416,105,300,90,1293,0.0,98,2169,58,1721,194,8089,53,245,77,1040,0,0,164,3376,54,79,0,0,63,184,114,287,131,1454,128,950,409,42895,178,297,38,17,101,176,0,0,0,0,0,0,0,0,0,0,408,7551,409,7748,152,1011,273,1100
169,2011,Southeast Fairbanks Census Area,225,240,"$200,000 or more",34.0,27.0,26.0,89.0,28.0,11673.0,29,4506,23,347,0,0,0,0,0,0,0.0,0,0,0,0,0,0,0,0,0,0,0,0,0,0,0,0,0,0,0,0,0,0,0,0,0,0,34,10567,0,0,0,0,0,0,0,0,0,0,0,0,0,0,0,0,34,2539,34,2658,0,0,0,0
170,2011,Valdez-Cordova Census Area,228,261,Under $1,70.0,22.0,51.0,99.0,0.0,-2977.0,0,0,33,67,0,0,0,0,42,-950,0.0,24,-91,0,0,0,0,0,0,0,0,0,0,0,0,0,0,0,0,0,0,0,0,0,0,0,0,0,0,0,0,0,0,0,0,0,0,0,0,0,0,0,0,0,0,0,0,0,0,0,0,28,119
171,2011,Valdez-Cordova Census Area,229,261,"$1 under $25,000",2077.0,174.0,760.0,2091.0,451.0,22759.0,1510,15339,401,290,335,1035,277,899,357,1491,0.0,131,179,43,378,156,1868,750,1888,47,73,0,0,57,879,29,47,0,0,20,40,38,54,22,215,30,68,1374,6766,250,70,0,0,96,21,0,0,203,206,464,767,384,682,0,0,1218,612,1378,972,512,282,1424,2382
172,2011,Valdez-Cordova Census Area,230,261,"$25,000 under $50,000",1095.0,312.0,448.0,1942.0,541.0,40046.0,926,29358,321,289,225,1211,180,994,226,2159,29.0,108,692,59,670,160,3190,329,1074,139,739,25,234,103,1592,0,0,44,32,63,146,81,244,60,431,53,235,1081,23552,384,354,30,7,232,232,54,23,140,209,153,261,130,215,0,0,907,2533,951,3002,176,385,884,2335
173,2011,Valdez-Cordova Census Area,231,261,"$50,000 under $75,000",734.0,346.0,345.0,1595.0,515.0,45332.0,619,32687,296,343,188,962,153,801,207,2875,0.0,94,325,59,806,147,4442,189,761,96,1282,0,0,167,2513,38,28,50,45,109,277,141,355,120,916,105,411,733,31847,303,440,29,9,218,355,0,0,29,57,0,0,0,0,0,0,705,4234,711,4725,176,627,540,1681
174,2011,Valdez-Cordova Census Area,232,261,"$75,000 under $100,000",502.0,348.0,257.0,1309.0,459.0,43318.0,440,30610,258,297,156,764,133,662,172,3215,0.0,102,202,47,847,135,4919,81,318,76,1142,0,0,150,2521,34,17,45,47,108,258,130,335,113,928,97,541,502,32290,258,452,32,13,182,351,29,15,0,0,0,0,0,0,0,0,495,4460,497,4955,132,700,351,1365
175,2011,Valdez-Cordova Census Area,233,261,"$100,000 under $200,000",767.0,627.0,439.0,2058.0,664.0,104259.0,698,76908,488,546,294,2069,261,1694,253,6540,0.0,187,1378,92,2973,235,8799,68,286,126,2016,25,704,367,7264,119,129,88,115,313,1031,345,1318,322,3166,286,1522,767,84946,321,388,56,26,161,231,57,31,0,0,0,0,0,0,0,0,767,15299,767,16309,311,2117,441,1921
176,2011,Valdez-Cordova Census Area,234,261,"$200,000 or more",142.0,128.0,100.0,408.0,138.0,49650.0,122,20259,119,583,76,546,68,409,66,4032,0.0,70,13542,0,0,36,1469,0,0,0,0,0,0,88,2644,20,45,25,50,86,426,87,534,77,988,80,518,142,44883,50,76,0,0,0,0,0,0,0,0,0,0,0,0,53,115,142,9421,142,9956,73,1390,53,581
177,2011,Wade Hampton Census Area,237,270,Under $1,0.0,0.0,0.0,0.0,0.0,0.0,0,0,0,0,0,0,0,0,0,0,0.0,0,0,0,0,0,0,0,0,0,0,0,0,0,0,0,0,0,0,0,0,0,0,0,0,0,0,0,0,0,0,0,0,0,0,0,0,0,0,0,0,0,0,0,0,0,0,0,0,0,0,0,0
178,2011,Wade Hampton Census Area,238,270,"$1 under $25,000",2171.0,201.0,594.0,3675.0,1760.0,20398.0,1829,14479,79,48,111,155,58,59,236,399,0.0,0,0,22,172,86,665,936,2753,0,0,0,0,25,348,0,0,0,0,0,0,0,0,0,0,0,0,968,3351,615,83,0,0,551,65,0,0,583,569,994,2131,952,2055,0,0,831,294,976,411,384,52,1685,3766
179,2011,Wade Hampton Census Area,239,270,"$25,000 under $50,000",578.0,239.0,190.0,1874.0,1058.0,20384.0,561,17078,36,101,64,118,33,79,165,403,0.0,0,0,0,0,60,626,266,1166,43,188,0,0,0,0,0,0,0,0,0,0,0,0,0,0,0,0,507,8664,360,312,26,6,326,286,32,10,263,519,295,648,257,571,0,0,307,747,386,850,44,55,531,2158
180,2011,Wade Hampton Census Area,240,270,"$50,000 under $75,000",203.0,127.0,62.0,753.0,423.0,12441.0,199,11019,29,17,44,176,23,127,72,94,0.0,38,107,0,0,37,858,67,319,21,268,0,0,0,0,0,0,0,0,24,44,34,100,0,0,29,146,203,7515,152,304,0,0,138,274,0,0,36,70,0,0,0,0,0,0,168,730,177,780,45,94,173,629
181,2011,Wade Hampton Census Area,241,270,"$75,000 under $100,000",85.0,66.0,37.0,317.0,166.0,7327.0,85,6549,24,12,33,119,23,59,34,92,0.0,0,0,0,0,0,0,32,163,0,0,0,0,21,494,0,0,0,0,0,0,0,0,0,0,0,0,85,5183,60,138,0,0,49,122,0,0,0,0,0,0,0,0,0,0,84,641,84,646,0,0,69,258
182,2011,Wade Hampton Census Area,242,270,"$100,000 under $200,000",63.0,54.0,32.0,233.0,116.0,7957.0,60,6675,29,26,0,0,0,0,28,343,0.0,0,0,0,0,0,0,0,0,0,0,0,0,0,0,0,0,0,0,0,0,0,0,0,0,0,0,63,6205,36,74,0,0,29,64,0,0,0,0,0,0,0,0,0,0,63,1018,63,1067,20,110,40,224
183,2011,Wade Hampton Census Area,243,270,"$200,000 or more",0.0,0.0,0.0,0.0,0.0,0.0,0,0,0,0,0,0,0,0,0,0,0.0,0,0,0,0,0,0,0,0,0,0,0,0,0,0,0,0,0,0,0,0,0,0,0,0,0,0,0,0,0,0,0,0,0,0,0,0,0,0,0,0,0,0,0,0,0,0,0,0,0,0,0,0
184,2011,Wrangell City and Borough,246,275,Under $1,0.0,0.0,0.0,0.0,0.0,0.0,0,0,0,0,0,0,0,0,0,0,0.0,0,0,0,0,0,0,0,0,0,0,0,0,0,0,0,0,0,0,0,0,0,0,0,0,0,0,0,0,0,0,0,0,0,0,0,0,0,0,0,0,0,0,0,0,0,0,0,0,0,0,0,0
185,2011,Wrangell City and Borough,247,275,"$1 under $25,000",491.0,71.0,246.0,573.0,132.0,4569.0,303,2920,136,172,112,198,51,75,132,587,0.0,54,14,0,0,58,493,102,343,0,0,0,0,21,611,0,0,0,0,0,0,0,0,0,0,0,0,268,1280,68,14,0,0,44,7,0,0,60,59,120,225,98,195,0,0,239,121,290,238,118,87,303,483
186,2011,Wrangell City and Borough,248,275,"$25,000 under $50,000",252.0,83.0,122.0,451.0,125.0,8992.0,206,6045,84,85,75,127,26,35,79,1041,0.0,21,86,45,277,47,906,71,222,54,269,0,0,30,427,0,0,37,30,33,50,48,82,31,267,32,95,247,5106,76,70,0,0,47,43,31,14,40,63,45,74,32,52,0,0,215,559,231,725,60,184,185,419
187,2011,Wrangell City and Borough,249,275,"$50,000 under $75,000",178.0,99.0,104.0,401.0,125.0,10991.0,151,7382,93,188,59,111,55,131,66,1052,0.0,33,124,0,0,60,1630,37,124,55,762,0,0,45,733,0,0,41,46,37,76,45,131,32,199,29,99,177,7533,72,117,29,13,46,91,0,0,0,0,0,0,0,0,0,0,167,960,171,1130,56,244,114,326
188,2011,Wrangell City and Borough,250,275,"$75,000 under $100,000",92.0,65.0,64.0,223.0,66.0,7942.0,79,5549,52,37,39,180,0,0,37,684,0.0,21,242,23,527,0,0,36,153,0,0,0,0,30,561,0,0,23,37,24,49,30,93,22,169,22,93,92,5907,41,56,0,0,26,39,0,0,0,0,0,0,0,0,0,0,91,821,91,928,27,188,58,204
189,2011,Wrangell City and Borough,251,275,"$100,000 under $200,000",127.0,113.0,93.0,326.0,86.0,19192.0,109,10510,99,402,56,508,44,394,57,1897,0.0,48,1421,0,0,34,1288,0,0,32,544,0,0,61,1633,0,0,56,108,56,142,59,258,50,478,51,284,126,15619,56,75,0,0,21,29,0,0,0,0,0,0,0,0,0,0,124,2900,125,3158,63,917,59,235
190,2011,Wrangell City and Borough,252,275,"$200,000 or more",0.0,0.0,0.0,0.0,0.0,0.0,0,0,0,0,0,0,0,0,0,0,0.0,0,0,0,0,0,0,0,0,0,0,0,0,0,0,0,0,0,0,0,0,0,0,0,0,0,0,0,0,0,0,0,0,0,0,0,0,0,0,0,0,0,0,0,0,0,0,0,0,0,0,0,0
191,2011,Yakutat City and Borough,255,282,Under $1,0.0,0.0,0.0,0.0,0.0,0.0,0,0,0,0,0,0,0,0,0,0,0.0,0,0,0,0,0,0,0,0,0,0,0,0,0,0,0,0,0,0,0,0,0,0,0,0,0,0,0,0,0,0,0,0,0,0,0,0,0,0,0,0,0,0,0,0,0,0,0,0,0,0,0,0
192,2011,Yakutat City and Borough,256,282,"$1 under $25,000",152.0,26.0,68.0,178.0,38.0,1187.0,106,1141,30,8,51,126,55,209,53,33,0.0,0,0,21,169,24,398,43,99,0,0,0,0,0,0,0,0,0,0,0,0,0,0,20,177,0,0,86,531,20,8,0,0,0,0,0,0,31,33,54,95,39,76,0,0,70,44,91,79,55,91,99,204
193,2011,Yakutat City and Borough,257,282,"$25,000 under $50,000",78.0,0.0,31.0,137.0,47.0,2863.0,65,1908,21,9,23,115,0,0,24,405,0.0,27,325,0,0,0,0,24,86,0,0,0,0,0,0,0,0,0,0,24,54,0,0,0,0,22,102,78,1774,27,29,0,0,34,26,0,0,0,0,0,0,0,0,0,0,66,189,72,248,0,0,59,165
194,2011,Yakutat City and Borough,258,282,"$50,000 under $75,000",64.0,35.0,46.0,154.0,72.0,4368.0,61,3515,40,53,47,80,39,46,42,126,0.0,0,0,0,0,21,506,20,55,41,416,0,0,33,494,0,0,0,0,0,0,32,89,0,0,0,0,64,3148,38,56,0,0,31,47,0,0,0,0,0,0,0,0,0,0,64,412,64,446,32,120,60,145
195,2011,Yakutat City and Borough,259,282,"$75,000 under $100,000",0.0,0.0,0.0,0.0,0.0,0.0,0,0,0,0,0,0,0,0,0,0,0.0,0,0,0,0,0,0,0,0,0,0,0,0,0,0,0,0,0,0,0,0,0,0,0,0,0,0,0,0,0,0,0,0,0,0,0,0,0,0,0,0,0,0,0,0,0,0,0,0,0,0,0,0
196,2011,Yakutat City and Borough,260,282,"$100,000 under $200,000",31.0,28.0,0.0,76.0,0.0,5308.0,27,3073,0,0,0,0,0,0,0,0,0.0,0,0,0,0,0,0,0,0,0,0,0,0,0,0,0,0,0,0,0,0,0,0,0,0,0,0,31,4583,0,0,0,0,0,0,0,0,0,0,0,0,0,0,0,0,31,977,31,1008,0,0,0,0
197,2011,Yakutat City and Borough,261,282,"$200,000 or more",0.0,0.0,0.0,0.0,0.0,0.0,0,0,0,0,0,0,0,0,0,0,0.0,0,0,0,0,0,0,0,0,0,0,0,0,0,0,0,0,0,0,0,0,0,0,0,0,0,0,0,0,0,0,0,0,0,0,0,0,0,0,0,0,0,0,0,0,0,0,0,0,0,0,0,0
198,2011,Yukon-Koyukuk Census Area,264,290,Under $1,0.0,0.0,0.0,0.0,0.0,0.0,0,0,0,0,0,0,0,0,0,0,0.0,0,0,0,0,0,0,0,0,0,0,0,0,0,0,0,0,0,0,0,0,0,0,0,0,0,0,0,0,0,0,0,0,0,0,0,0,0,0,0,0,0,0,0,0,0,0,0,0,0,0,0,0
199,2011,Yukon-Koyukuk Census Area,265,290,"$1 under $25,000",1675.0,106.0,406.0,2148.0,658.0,15623.0,1368,11291,144,268,1161,1022,1062,778,132,60,0.0,33,14,0,0,93,885,671,1910,0,0,0,0,0,0,0,0,0,0,0,0,0,0,0,0,0,0,841,3609,283,58,0,0,216,35,0,0,302,275,698,1079,642,1045,0,0,694,301,780,379,217,46,1350,2481
200,2011,Yukon-Koyukuk Census Area,266,290,"$25,000 under $50,000",568.0,146.0,181.0,1210.0,499.0,20245.0,509,15358,97,185,396,641,366,498,90,586,0.0,21,118,58,341,72,1331,228,879,82,357,0,0,0,0,0,0,0,0,0,0,0,0,0,0,27,131,551,11098,263,258,0,0,215,221,35,17,144,187,170,297,136,246,0,0,421,1081,463,1220,56,87,502,1493
201,2011,Yukon-Koyukuk Census Area,267,290,"$50,000 under $75,000",312.0,153.0,111.0,719.0,254.0,19281.0,288,14829,84,76,177,322,154,232,56,134,0.0,25,65,0,0,80,2144,111,514,39,471,0,0,42,645,0,0,27,17,32,76,48,98,41,288,0,0,312,13594,130,230,35,19,103,192,0,0,0,0,0,0,0,0,0,0,301,1759,305,1835,78,159,231,712
202,2011,Yukon-Koyukuk Census Area,268,290,"$75,000 under $100,000",179.0,127.0,90.0,482.0,176.0,15224.0,168,11735,66,52,110,285,100,247,45,197,0.0,25,120,36,710,53,1685,52,257,35,514,0,0,26,441,0,0,0,0,0,0,0,0,0,0,21,134,179,11397,85,142,0,0,66,120,0,0,0,0,0,0,0,0,0,0,176,1569,177,1634,47,129,129,456
203,2011,Yukon-Koyukuk Census Area,269,290,"$100,000 under $200,000",149.0,120.0,80.0,392.0,123.0,19573.0,139,14427,68,98,90,220,81,144,34,353,0.0,24,140,0,0,53,2337,34,165,22,349,0,0,27,680,0,0,0,0,21,63,26,88,20,180,22,91,149,16090,65,85,0,0,36,57,0,0,0,0,0,0,0,0,0,0,149,2917,149,3059,59,295,86,338
204,2011,Yukon-Koyukuk Census Area,270,290,"$200,000 or more",0.0,0.0,0.0,0.0,0.0,0.0,0,0,0,0,0,0,0,0,0,0,0.0,0,0,0,0,0,0,0,0,0,0,0,0,0,0,0,0,0,0,0,0,0,0,0,0,0,0,0,0,0,0,0,0,0,0,0,0,0,0,0,0,0,0,0,0,0,0,0,0,0,0,0,0
