Quarter,Area,"Number of Loans","Average Loan","Total Loan","% Loan Volume","Average Sales Price","Total Sales Volume","% Market Value"
2024Q1,Anchorage,191,405045,77363545,41.4,485074,92649142,40.3
2024Q1,Matanuska-Susitna,118,358890,42348967,22.7,445720,52594929,22.9
2024Q1,"Fairbanks North Star",69,287300,19823721,10.6,355515,24530544,10.7
2024Q1,"Kenai Peninsula",64,337212,21581537,11.6,434289,27794490,12.1
2024Q1,Juneau,17,336475,5720075,3.1,453734,7713470,3.4
2024Q1,"Ketchikan Gateway",16,426622,6825959,3.7,535173,8562760,3.7
2024Q1,"Kodiak Island",8,389976,3119807,1.7,447806,3582450,1.6
2024Q1,Bethel,3,283279,849837,.5,350000,1050000,.5
2024Q1,"Rest of State",34,268399,9125571,4.9,343179,11668080,5.1
2024Q1,"Statewide Total",520,359152,186759019,100.0,442588,230145865,100.0
2024Q2,Anchorage,254,425785,108149327,38.3,510285,129612316,37.5
2024Q2,Matanuska-Susitna,171,365925,62573097,22.2,460609,78764073,22.8
2024Q2,"Fairbanks North Star",90,316136,28452231,10.1,382897,34460763,10.0
2024Q2,"Kenai Peninsula",94,363586,34177078,12.1,470468,44223990,12.8
2024Q2,Juneau,44,458234,20162299,7.1,575778,25334251,7.3
2024Q2,"Ketchikan Gateway",11,504099,5545093,2.0,582744,6410187,1.9
2024Q2,"Kodiak Island",13,361265,4696440,1.7,475231,6178000,1.8
2024Q2,Bethel,1,510400,510400,.2,550000,550000,.2
2024Q2,"Rest of State",56,319732,17905004,6.3,364720,20424309,5.9
2024Q2,"Statewide Total",734,384429,282170969,100.0,471332,345957889,100.0
2023Q1,Anchorage,203,399650,81128980,39.3,466957,94792181,38.4
2023Q1,Matanuska-Susitna,145,369707,53607536,26.0,455414,66035014,26.7
2023Q1,"Fairbanks North Star",92,275628,25357785,12.3,319586,29401957,11.9
2023Q1,"Kenai Peninsula",64,326122,20871822,10.1,405528,25953794,10.5
2023Q1,Juneau,23,410341,9437852,4.6,527655,12136073,4.9
2023Q1,"Ketchikan Gateway",9,390098,3510886,1.7,474444,4270000,1.7
2023Q1,"Kodiak Island",6,357629,2145775,1.0,425667,2554000,1.0
2023Q1,Bethel,4,429651,1718604,.8,481250,1925000,.8
2023Q1,"Rest of State",30,282371,8471129,4.1,329500,9885000,4.0
2023Q1,"Statewide Total",576,358074,206250369,100.0,428738,246953019,100.0
2023Q2,Anchorage,218,421993,91994469,37.4,505949,110296847,37.6
2023Q2,Matanuska-Susitna,161,357561,57567288,23.4,423453,68175854,23.2
2023Q2,"Fairbanks North Star",97,285574,27700639,11.3,335594,32552588,11.1
2023Q2,"Kenai Peninsula",98,316430,31010170,12.6,388757,38098177,13.0
2023Q2,Juneau,29,419876,12176394,4.9,501433,14541551,5.0
2023Q2,"Ketchikan Gateway",15,380518,5707769,2.3,466968,7004525,2.4
2023Q2,"Kodiak Island",13,427639,5559306,2.3,457600,5948800,2.0
2023Q2,Bethel,3,287037,861110,.3,401206,1203617,.4
2023Q2,"Rest of State",45,300829,13537292,5.5,353074,15888350,5.4
2023Q2,"Statewide Total",679,362466,246114437,100.0,432563,293710309,100.0
2023Q3,Anchorage,342,408599,139740777,41.5,506498,173222453,41.8
2023Q3,Matanuska-Susitna,204,362598,73970026,22.0,441614,90089241,21.7
2023Q3,"Fairbanks North Star",126,303262,38211031,11.4,363849,45844962,11.1
2023Q3,"Kenai Peninsula",120,330007,39600788,11.8,413264,49591632,12.0
2023Q3,Juneau,40,425298,17011925,5.1,533496,21339852,5.1
2023Q3,"Ketchikan Gateway",17,393561,6690540,2.0,522158,8876678,2.1
2023Q3,"Kodiak Island",15,430705,6460580,1.9,529247,7938700,1.9
2023Q3,Bethel,6,407147,2442882,.7,452000,2712000,.7
2023Q3,"Rest of State",42,296290,12444193,3.7,355142,14915945,3.6
2023Q3,"Statewide Total",912,369049,336572742,100.0,454530,414531463,100.0
2023Q4,Anchorage,340,397605,135185586,46.2,478870,162815880,45.7
2023Q4,Matanuska-Susitna,186,319775,59478186,20.3,403403,75032876,21.1
2023Q4,"Fairbanks North Star",105,283179,29733768,10.2,335556,35233427,9.9
2023Q4,"Kenai Peninsula",103,300347,30935695,10.6,373323,38452251,10.8
2023Q4,Juneau,38,398182,15130915,5.2,478674,18189594,5.1
2023Q4,"Ketchikan Gateway",8,435136,3481088,1.2,511120,4088960,1.1
2023Q4,"Kodiak Island",6,422894,2537365,.9,490000,2940000,.8
2023Q4,Bethel,2,188500,377000,.1,376000,752000,.2
2023Q4,"Rest of State",50,312450,15622492,5.3,374089,18704454,5.3
2023Q4,"Statewide Total",838,349024,292482095,100.0,425071,356209442,100.0
2023YR,Anchorage,1103,406210,448049812,41.4,490596,541127361,41.3
2023YR,Matanuska-Susitna,696,351470,244623036,22.6,430076,299332985,22.8
2023YR,"Fairbanks North Star",420,288103,121003223,11.2,340555,143032934,10.9
2023YR,"Kenai Peninsula",385,317970,122418475,11.3,395054,152095854,11.6
2023YR,Juneau,130,413516,53757086,5.0,509285,66207070,5.0
2023YR,"Ketchikan Gateway",49,395720,19390283,1.8,494697,24240163,1.8
2023YR,"Kodiak Island",40,417576,16703026,1.5,484538,19381500,1.5
2023YR,Bethel,15,359973,5399596,.5,439508,6592617,.5
2023YR,"Rest of State",167,299851,50075106,4.6,355651,59393749,4.5
2023YR,"Statewide Total",3005,359873,1081419643,100.0,436407,1311404233,100.0
2022Q1,Anchorage,335,384370,128764097,42.0,445408,149211659,41.8
2022Q1,Matanuska-Susitna,179,363129,65000055,21.2,418412,74895778,21.0
2022Q1,"Fairbanks North Star",141,283101,39917249,13.0,326659,46058952,12.9
2022Q1,"Kenai Peninsula",125,295444,36930443,12.0,358529,44816145,12.6
2022Q1,Juneau,33,421583,13912255,4.5,481451,15887871,4.5
2022Q1,"Ketchikan Gateway",5,426150,2130750,.7,503200,2516000,.7
2022Q1,"Kodiak Island",14,317454,4444350,1.4,367500,5145000,1.4
2022Q1,Bethel,7,368078,2576545,.8,414286,2900000,.8
2022Q1,"Rest of State",46,280085,12883894,4.2,330491,15202591,4.3
2022Q1,"Statewide Total",885,346395,306559638,100.0,402976,356633996,100.0
2022Q2,Anchorage,482,394055,189934678,40.4,466587,224894789,40.3
2022Q2,Matanuska-Susitna,296,351637,104084623,22.1,424884,125765575,22.6
2022Q2,"Fairbanks North Star",167,314626,52542528,11.2,364895,60937527,10.9
2022Q2,"Kenai Peninsula",178,310584,55283866,11.8,367633,65438594,11.7
2022Q2,Juneau,62,393155,24375634,5.2,477983,29634923,5.3
2022Q2,"Ketchikan Gateway",23,373617,8593181,1.8,461696,10619000,1.9
2022Q2,"Kodiak Island",20,370987,7419745,1.6,396165,7923300,1.4
2022Q2,Bethel,15,427144,6407156,1.4,484333,7265000,1.3
2022Q2,"Rest of State",72,299683,21577175,4.6,350081,25205867,4.5
2022Q2,"Statewide Total",1315,357581,470218586,100.0,424095,557684575,100.0
2022Q3,Anchorage,500,396899,198449661,41.4,475620,237809942,41.2
2022Q3,Matanuska-Susitna,268,344403,92299942,19.2,419429,112406915,19.5
2022Q3,"Fairbanks North Star",178,296411,52761240,11.0,343042,61061528,10.6
2022Q3,"Kenai Peninsula",186,340995,63425143,13.2,427616,79536499,13.8
2022Q3,Juneau,47,457038,21480769,4.5,560226,26330603,4.6
2022Q3,"Ketchikan Gateway",13,390316,5074111,1.1,490192,6372500,1.1
2022Q3,"Kodiak Island",25,333266,8331640,1.7,409810,10245250,1.8
2022Q3,Bethel,17,422984,7190725,1.5,450941,7666000,1.3
2022Q3,"Rest of State",98,311086,30486425,6.4,371682,36424868,6.3
2022Q3,"Statewide Total",1332,359985,479499656,100.0,433824,577854105,100.0
2022Q4,Anchorage,338,393547,133018892,41.4,485261,164018329,41.8
2022Q4,Matanuska-Susitna,173,352206,60931632,19.0,427354,73932212,18.9
2022Q4,"Fairbanks North Star",157,257483,40424898,12.6,311110,48844238,12.5
2022Q4,"Kenai Peninsula",114,307655,35072676,10.9,371873,42393483,10.8
2022Q4,Juneau,44,429570,18901090,5.9,536063,23586781,6.0
2022Q4,"Ketchikan Gateway",14,316629,4432799,1.4,379384,5311374,1.4
2022Q4,"Kodiak Island",19,339615,6452684,2.0,380579,7231000,1.8
2022Q4,Bethel,3,473476,1420428,.4,535000,1605000,.4
2022Q4,"Rest of State",65,313897,20403296,6.4,387822,25208407,6.4
2022Q4,"Statewide Total",927,346341,321058395,100.0,423011,392130824,100.0
2022YR,Anchorage,1655,392850,650167328,41.2,468843,775934719,41.2
2022YR,Matanuska-Susitna,916,351874,322316252,20.4,422490,387000480,20.5
2022YR,"Fairbanks North Star",643,288718,185645915,11.8,337329,216902245,11.5
2022YR,"Kenai Peninsula",603,316272,190712128,12.1,385049,232184721,12.3
2022YR,Juneau,186,422956,78669748,5.0,513119,95440178,5.1
2022YR,"Ketchikan Gateway",55,367833,20230841,1.3,451252,24818874,1.3
2022YR,"Kodiak Island",78,341646,26648419,1.7,391597,30544550,1.6
2022YR,Bethel,42,418925,17594854,1.1,462762,19436000,1.0
2022YR,"Rest of State",281,303739,85350790,5.4,363138,102041733,5.4
2022YR,"Statewide Total",4459,353742,1577336275,100.0,422584,1884303500,100.0
2021Q1,Anchorage,432,367190,158626196,44.4,424820,183522180,44.4
2021Q1,Matanuska-Susitna,214,295267,63187231,17.7,338457,72429827,17.5
2021Q1,"Fairbanks North Star",154,271344,41787019,11.7,308627,47528490,11.5
2021Q1,"Kenai Peninsula",141,268200,37816139,10.6,320231,45152607,10.9
2021Q1,Juneau,51,374705,19109977,5.3,431336,21998112,5.3
2021Q1,"Ketchikan Gateway",21,300391,6308209,1.8,373267,7838600,1.9
2021Q1,"Kodiak Island",13,296623,3856103,1.1,321962,4185500,1.0
2021Q1,Bethel,9,386437,3477934,1.0,455778,4102000,1.0
2021Q1,"Rest of State",77,303916,23401511,6.5,344686,26540822,6.4
2021Q1,"Statewide Total",1112,321556,357570319,100.0,371671,413298138,100.0
2021Q2,Anchorage,584,384288,224424343,44.2,446883,260979687,44.4
2021Q2,Matanuska-Susitna,306,336870,103082261,20.3,384362,117614650,20.0
2021Q2,"Fairbanks North Star",178,278943,49651786,9.8,322673,57435882,9.8
2021Q2,"Kenai Peninsula",227,279527,63452665,12.5,330392,74998981,12.8
2021Q2,Juneau,68,397829,27052391,5.3,455224,30955216,5.3
2021Q2,"Ketchikan Gateway",22,360979,7941527,1.6,427530,9405667,1.6
2021Q2,"Kodiak Island",21,321273,6746734,1.3,366143,7689000,1.3
2021Q2,Bethel,9,359672,3237052,.6,404111,3637000,.6
2021Q2,"Rest of State",83,262414,21780367,4.3,306409,25431940,4.3
2021Q2,"Statewide Total",1498,338698,507369126,100.0,392622,588148023,100.0
2021Q3,Anchorage,673,377541,254084864,44.2,443977,298796783,44.8
2021Q3,Matanuska-Susitna,332,314223,104321996,18.2,362703,120417485,18.0
2021Q3,"Fairbanks North Star",201,271561,54583684,9.5,305052,61315511,9.2
2021Q3,"Kenai Peninsula",230,291586,67064892,11.7,345468,79457628,11.9
2021Q3,Juneau,77,423309,32594776,5.7,485542,37386696,5.6
2021Q3,"Ketchikan Gateway",43,393970,16940710,2.9,457336,19665450,2.9
2021Q3,"Kodiak Island",34,352856,11997102,2.1,398192,13538543,2.0
2021Q3,Bethel,7,436021,3052150,.5,468200,3277400,.5
2021Q3,"Rest of State",102,293468,29933726,5.2,328376,33494318,5.0
2021Q3,"Statewide Total",1699,338184,574573900,100.0,392790,667349814,100.0
2021Q4,Anchorage,551,364274,200715156,41.9,425835,234634934,41.3
2021Q4,Matanuska-Susitna,323,320565,103542483,21.6,382185,123445870,21.7
2021Q4,"Fairbanks North Star",182,278694,50722300,10.6,319169,58088735,10.2
2021Q4,"Kenai Peninsula",190,274864,52224200,10.9,348279,66173020,11.6
2021Q4,Juneau,58,413849,24003230,5.0,526002,30508128,5.4
2021Q4,"Ketchikan Gateway",25,401113,10027834,2.1,477040,11926000,2.1
2021Q4,"Kodiak Island",16,340596,5449539,1.1,382094,6113500,1.1
2021Q4,Bethel,10,349208,3492083,.7,399000,3990000,.7
2021Q4,"Rest of State",93,313239,29131221,6.1,363134,33771436,5.9
2021Q4,"Statewide Total",1448,331014,479308046,100.0,392715,568651623,100.0
2021YR,Anchorage,2240,374040,837850559,43.7,436577,977933584,43.7
2021YR,Matanuska-Susitna,1175,318412,374133971,19.5,369283,433907832,19.4
2021YR,"Fairbanks North Star",715,275168,196744789,10.3,313802,224368618,10.0
2021YR,"Kenai Peninsula",788,279896,220557896,11.5,337287,265782236,11.9
2021YR,Juneau,254,404568,102760374,5.4,475780,120848152,5.4
2021YR,"Ketchikan Gateway",111,371336,41218280,2.1,439961,48835717,2.2
2021YR,"Kodiak Island",84,333922,28049478,1.5,375316,31526543,1.4
2021YR,Bethel,35,378835,13259219,.7,428754,15006400,.7
2021YR,"Rest of State",355,293653,104246825,5.4,335883,119238516,5.3
2021YR,"Statewide Total",5757,333302,1918821391,100.0,388648,2237447598,100.0
2020Q1,Anchorage,372,347093,129118436,44.4,402717,149810790,44.7
2020Q1,Matanuska-Susitna,193,272517,52595848,18.1,311686,60155304,18.0
2020Q1,"Fairbanks North Star",127,226090,28713381,9.9,264638,33609011,10.0
2020Q1,"Kenai Peninsula",138,260458,35943236,12.4,298797,41233958,12.3
2020Q1,Juneau,49,393673,19289992,6.6,442457,21680415,6.5
2020Q1,"Ketchikan Gateway",21,337554,7088633,2.4,389310,8175500,2.4
2020Q1,"Kodiak Island",16,312887,5006190,1.7,326028,5216450,1.6
2020Q1,Bethel,5,305398,1526990,.5,330000,1650000,.5
2020Q1,"Rest of State",49,233498,11441411,3.9,272294,13342400,4.0
2020Q1,"Statewide Total",970,299716,290724117,100.0,345231,334873828,100.0
2020Q2,Anchorage,452,351086,158690671,42.3,398267,180016817,42.3
2020Q2,Matanuska-Susitna,250,288914,72228385,19.3,322782,80695596,19.0
2020Q2,"Fairbanks North Star",189,259219,48992443,13.1,290961,54991554,12.9
2020Q2,"Kenai Peninsula",152,260156,39543745,10.5,305787,46479563,10.9
2020Q2,Juneau,57,391396,22309575,5.9,444525,25337948,6.0
2020Q2,"Ketchikan Gateway",27,308398,8326738,2.2,351267,9484200,2.2
2020Q2,"Kodiak Island",19,321181,6102448,1.6,357789,6798000,1.6
2020Q2,Bethel,5,325600,1628000,.4,419000,2095000,.5
2020Q2,"Rest of State",64,271286,17362303,4.6,308863,19767247,4.6
2020Q2,"Statewide Total",1215,308794,375184308,100.0,350342,425665925,100.0
2020Q3,Anchorage,732,360587,263949938,45.2,411807,301442395,45.2
2020Q3,Matanuska-Susitna,364,298771,108752665,18.6,340112,123800890,18.6
2020Q3,"Fairbanks North Star",296,268194,79385350,13.6,296285,87700452,13.2
2020Q3,"Kenai Peninsula",215,251206,54009360,9.3,300458,64598398,9.7
2020Q3,Juneau,93,399365,37140922,6.4,452415,42074616,6.3
2020Q3,"Ketchikan Gateway",21,320772,6736211,1.2,363881,7641500,1.1
2020Q3,"Kodiak Island",20,309153,6183066,1.1,370800,7416000,1.1
2020Q3,Bethel,14,335598,4698377,.8,366143,5126000,.8
2020Q3,"Rest of State",86,265538,22836293,3.9,315338,27119087,4.1
2020Q3,"Statewide Total",1841,317052,583692182,100.0,362259,666919338,100.0
2020Q4,Anchorage,682,358967,244815733,45.2,421970,287783307,45.7
2020Q4,Matanuska-Susitna,371,283060,105015309,19.4,325696,120833047,19.2
2020Q4,"Fairbanks North Star",260,264085,68662114,12.7,296223,77018102,12.2
2020Q4,"Kenai Peninsula",223,256698,57243719,10.6,313786,69974252,11.1
2020Q4,Juneau,79,341951,27014144,5.0,384760,30396044,4.8
2020Q4,"Ketchikan Gateway",21,372704,7826783,1.4,425000,8925000,1.4
2020Q4,"Kodiak Island",19,330843,6286012,1.2,398895,7579000,1.2
2020Q4,Bethel,9,319706,2877355,.5,388889,3500000,.6
2020Q4,"Rest of State",78,281729,21974891,4.1,312401,24367288,3.9
2020Q4,"Statewide Total",1742,310974,541716060,100.0,361869,630376040,100.0
2020YR,Anchorage,2238,355932,796574778,44.5,410658,919053309,44.7
2020YR,Matanuska-Susitna,1178,287430,338592207,18.9,327237,385484837,18.7
2020YR,"Fairbanks North Star",872,258891,225753288,12.6,290504,253319119,12.3
2020YR,"Kenai Peninsula",728,256511,186740060,10.4,305338,222286171,10.8
2020YR,Juneau,278,380412,105754633,5.9,429817,119489023,5.8
2020YR,"Ketchikan Gateway",90,333093,29978365,1.7,380291,34226200,1.7
2020YR,"Kodiak Island",74,318618,23577716,1.3,364993,27009450,1.3
2020YR,Bethel,33,325173,10730722,.6,374879,12371000,.6
2020YR,"Rest of State",277,265758,73614898,4.1,305401,84596022,4.1
2020YR,"Statewide Total",5768,310561,1791316667,100.0,356768,2057835131,100.0
2019Q1,Anchorage,297,317961,94434281,43.0,366803,108940620,43.3
2019Q1,Matanuska-Susitna,154,255608,39363694,17.9,296412,45647453,18.1
2019Q1,"Fairbanks North Star",87,228769,19902936,9.1,259501,22576627,9.0
2019Q1,"Kenai Peninsula",122,225119,27464574,12.5,257775,31448603,12.5
2019Q1,Juneau,34,338104,11495526,5.2,385038,13091300,5.2
2019Q1,"Ketchikan Gateway",34,316845,10772742,4.9,346450,11779300,4.7
2019Q1,"Kodiak Island",8,323339,2586711,1.2,374000,2992000,1.2
2019Q1,Bethel,6,320761,1924564,.9,345517,2073100,.8
2019Q1,"Rest of State",50,234335,11716738,5.3,264495,13224740,5.3
2019Q1,"Statewide Total",792,277351,219661766,100.0,317896,251773743,100.0
2019Q2,Anchorage,498,334128,166395978,42.7,388724,193584445,43.4
2019Q2,Matanuska-Susitna,277,274040,75908995,19.5,310181,85920088,19.3
2019Q2,"Fairbanks North Star",208,249004,51792834,13.3,275090,57218803,12.8
2019Q2,"Kenai Peninsula",149,244175,36382064,9.3,284939,42455917,9.5
2019Q2,Juneau,68,354042,24074888,6.2,412763,28067855,6.3
2019Q2,"Ketchikan Gateway",23,298971,6876344,1.8,342630,7880500,1.8
2019Q2,"Kodiak Island",21,313242,6578079,1.7,354714,7449000,1.7
2019Q2,Bethel,8,307352,2458816,.6,281938,2255500,.5
2019Q2,"Rest of State",72,266966,19221573,4.9,297766,21439142,4.8
2019Q2,"Statewide Total",1324,294327,389689571,100.0,337063,446271250,100.0
2019Q3,Anchorage,636,354439,225423476,44.4,408974,260107470,44.5
2019Q3,Matanuska-Susitna,321,273236,87708800,17.3,303969,97574082,16.7
2019Q3,"Fairbanks North Star",272,258555,70327029,13.9,287564,78217416,13.4
2019Q3,"Kenai Peninsula",230,251210,57778318,11.4,293679,67546219,11.5
2019Q3,Juneau,58,350626,20336317,4.0,414366,24033255,4.1
2019Q3,"Ketchikan Gateway",19,311730,5922861,1.2,360608,6851550,1.2
2019Q3,"Kodiak Island",33,325815,10751899,2.1,350936,11580900,2.0
2019Q3,Bethel,13,304066,3952856,.8,333077,4330000,.7
2019Q3,"Rest of State",94,271589,25529325,5.0,368866,34673413,5.9
2019Q3,"Statewide Total",1676,302942,507730881,100.0,348994,584914305,100.0
2019Q4,Anchorage,475,328142,155867291,40.4,378338,179710697,40.4
2019Q4,Matanuska-Susitna,283,255738,72373753,18.8,293661,83106055,18.7
2019Q4,"Fairbanks North Star",207,242830,50265761,13.0,275347,56996828,12.8
2019Q4,"Kenai Peninsula",144,231857,33387459,8.7,274267,39494475,8.9
2019Q4,Juneau,76,345399,26250297,6.8,406302,30878953,6.9
2019Q4,"Ketchikan Gateway",46,314648,14473795,3.8,367198,16891126,3.8
2019Q4,"Kodiak Island",22,292313,6430882,1.7,318909,7016000,1.6
2019Q4,Bethel,9,315493,2839438,.7,331667,2985000,.7
2019Q4,"Rest of State",98,242524,23767351,6.2,283132,27746957,6.2
2019Q4,"Statewide Total",1360,283571,385656027,100.0,327078,444826091,100.0
2019YR,Anchorage,1906,336895,642121026,42.7,389477,742343232,43.0
2019YR,Matanuska-Susitna,1035,266044,275355242,18.3,301689,312247678,18.1
2019YR,"Fairbanks North Star",774,248435,192288560,12.8,277790,215009674,12.4
2019YR,"Kenai Peninsula",645,240329,155012415,10.3,280535,180945214,10.5
2019YR,Juneau,236,348123,82157028,5.5,407082,96071363,5.6
2019YR,"Ketchikan Gateway",122,311850,38045742,2.5,355758,43402476,2.5
2019YR,"Kodiak Island",84,313662,26347571,1.8,345689,29037900,1.7
2019YR,Bethel,36,310435,11175674,.7,323433,11643600,.7
2019YR,"Rest of State",314,255525,80234987,5.3,309186,97084252,5.6
2019YR,"Statewide Total",5152,291681,1502738245,100.0,335362,1727785389,100.0
2018Q1,Anchorage,402,325483,130844010,41.7,378875,152307643,41.3
2018Q1,Matanuska-Susitna,223,258408,57624881,18.4,295072,65801053,17.8
2018Q1,"Fairbanks North Star",118,250089,29510464,9.4,277308,32722361,8.9
2018Q1,"Kenai Peninsula",133,232601,30935984,9.9,279323,37150003,10.1
2018Q1,Juneau,65,356734,23187711,7.4,436233,28355153,7.7
2018Q1,"Ketchikan Gateway",33,235415,7768701,2.5,363509,11995800,3.2
2018Q1,"Kodiak Island",14,257912,3610774,1.2,282750,3958500,1.1
2018Q1,Bethel,9,276843,2491585,.8,351111,3160000,.9
2018Q1,"Rest of State",116,240578,27907020,8.9,290180,33660935,9.1
2018Q1,"Statewide Total",1113,282014,313881130,100.0,331637,369111448,100.0
2018Q2,Anchorage,523,344597,180224068,43.6,399910,209153101,44.2
2018Q2,Matanuska-Susitna,294,264579,77786218,18.8,298565,87778246,18.5
2018Q2,"Fairbanks North Star",177,252311,44659054,10.8,284889,50425384,10.7
2018Q2,"Kenai Peninsula",178,244167,43461729,10.5,279582,49765643,10.5
2018Q2,Juneau,64,351648,22505483,5.4,412319,26388400,5.6
2018Q2,"Ketchikan Gateway",25,285660,7141492,1.7,304860,7621500,1.6
2018Q2,"Kodiak Island",31,311880,9668272,2.3,345534,10711540,2.3
2018Q2,Bethel,11,264425,2908678,.7,274545,3020000,.6
2018Q2,"Rest of State",98,252809,24775259,6.0,289843,28404565,6.0
2018Q2,"Statewide Total",1401,294882,413130253,100.0,337808,473268379,100.0
2018Q3,Anchorage,672,340678,228935693,47.0,395071,265487943,47.5
2018Q3,Matanuska-Susitna,323,257959,83320821,17.1,289432,93486684,16.7
2018Q3,"Fairbanks North Star",261,242940,63407326,13.0,271710,70916426,12.7
2018Q3,"Kenai Peninsula",197,242630,47798142,9.8,283978,55943581,10.0
2018Q3,Juneau,60,330134,19808017,4.1,394625,23677513,4.2
2018Q3,"Ketchikan Gateway",23,299080,6878838,1.4,352450,8106340,1.5
2018Q3,"Kodiak Island",28,338722,9484214,1.9,368036,10305000,1.8
2018Q3,Bethel,12,292521,3510253,.7,329250,3951000,.7
2018Q3,"Statewide Total",1669,291626,486723261,100.0,334843,558852587,100.0
2018Q4,Anchorage,485,334908,162430385,45.3,389357,188838000,45.9
2018Q4,Matanuska-Susitna,279,260978,72812882,20.3,291481,81323118,19.8
2018Q4,"Fairbanks North Star",183,224466,41077323,11.5,256567,46951736,11.4
2018Q4,"Kenai Peninsula",128,230054,29446910,8.2,268081,34314383,8.3
2018Q4,Juneau,50,331206,16560289,4.6,389106,19455300,4.7
2018Q4,"Ketchikan Gateway",26,304384,7913973,2.2,355919,9253900,2.2
2018Q4,"Kodiak Island",16,303320,4853115,1.4,333063,5329000,1.3
2018Q4,Bethel,8,279557,2236453,.6,287813,2302500,.6
2018Q4,"Rest of State",87,242847,21127712,5.9,272430,23701390,5.8
2018Q4,"Statewide Total",1262,284040,358459042,100.0,326045,411469327,100.0
2018YR,Anchorage,2082,337384,702434156,44.7,391828,815786687,45.0
2018YR,Matanuska-Susitna,1119,260540,291544802,18.5,293467,328389101,18.1
2018YR,"Fairbanks North Star",739,241751,178654167,11.4,272011,201015907,11.1
2018YR,"Kenai Peninsula",636,238432,151642765,9.6,278575,177173610,9.8
2018YR,Juneau,239,343354,82061500,5.2,409525,97876366,5.4
2018YR,"Ketchikan Gateway",107,277598,29703004,1.9,345584,36977540,2.0
2018YR,"Kodiak Island",89,310296,27616375,1.8,340495,30304040,1.7
2018YR,Bethel,40,278674,11146969,.7,310838,12433500,.7
2018YR,"Rest of State",301,245216,73809991,4.7,284940,85766890,4.7
2018YR,"Statewide Total",5445,288741,1572193686,100.0,332911,1812701741,100.0
2017Q1,Anchorage,474,321856,152559813,48.7,361199,171208151,49.4
2017Q1,Matanuska-Susitna,231,258999,59828811,19.1,283156,65408935,18.9
2017Q1,"Fairbanks North Star",105,225685,23696901,7.6,247941,26033788,7.5
2017Q1,"Kenai Peninsula",106,231666,24556557,7.8,258139,27362682,7.9
2017Q1,Juneau,35,343692,12029204,3.8,375943,13158000,3.8
2017Q1,"Ketchikan Gateway",13,214537,2788982,.9,252669,3284700,.9
2017Q1,"Kodiak Island",14,208114,2913598,.9,240676,3369465,1.0
2017Q1,Bethel,1,481500,481500,.2,535000,535000,.2
2017Q1,"Rest of State",128,266828,34154045,10.9,283530,36291804,10.5
2017Q1,"Statewide Total",1107,282755,313009411,100.0,313146,346652525,100.0
2017Q2,Anchorage,641,340418,218207725,49.1,389746,249827292,50.1
2017Q2,Matanuska-Susitna,270,261959,70728992,15.9,286621,77387623,15.5
2017Q2,"Fairbanks North Star",197,238707,47025270,10.6,260140,51247600,10.3
2017Q2,"Kenai Peninsula",148,234069,34642188,7.8,266784,39484093,7.9
2017Q2,Juneau,56,351284,19671902,4.4,390086,21844800,4.4
2017Q2,"Ketchikan Gateway",10,290865,2908651,.7,328000,3280000,.7
2017Q2,"Kodiak Island",26,308060,8009552,1.8,324692,8442000,1.7
2017Q2,Bethel,4,286913,1147650,.3,290375,1161500,.2
2017Q2,"Rest of State",160,260146,41623282,9.4,285711,45713762,9.2
2017Q2,"Statewide Total",1512,293628,443965212,100.0,329622,498388670,100.0
2017Q3,Anchorage,692,335501,232166979,48.8,379436,262569889,49.2
2017Q3,Matanuska-Susitna,328,260859,85561710,18.0,290800,95382449,17.9
2017Q3,"Fairbanks North Star",212,229763,48709706,10.2,252351,53498335,10.0
2017Q3,"Kenai Peninsula",164,232944,38202739,8.0,258674,42422473,7.9
2017Q3,Juneau,64,353002,22592143,4.8,407029,26049871,4.9
2017Q3,"Ketchikan Gateway",25,255642,6391054,1.3,290640,7266000,1.4
2017Q3,"Kodiak Island",22,281233,6187115,1.3,320623,7053700,1.3
2017Q3,Bethel,1,209000,209000,.0,220000,220000,.0
2017Q3,"Rest of State",139,254981,35442338,7.5,283303,39379093,7.4
2017Q3,"Statewide Total",1647,288684,475462784,100.0,324130,533841810,100.0
2017Q4,Anchorage,618,321216,198511641,46.7,366989,226799032,46.7
2017Q4,Matanuska-Susitna,290,251824,73028906,17.2,282856,82028227,16.9
2017Q4,"Fairbanks North Star",157,226984,35636473,8.4,248136,38957288,8.0
2017Q4,"Kenai Peninsula",211,246312,51971748,12.2,288143,60798136,12.5
2017Q4,Juneau,64,353599,22630348,5.3,397380,25432347,5.2
2017Q4,"Ketchikan Gateway",23,288531,6636206,1.6,322865,7425900,1.5
2017Q4,"Kodiak Island",20,284581,5691610,1.3,349590,6991800,1.4
2017Q4,Bethel,5,289896,1449480,.3,322000,1610000,.3
2017Q4,"Rest of State",109,267477,29154966,6.9,322821,35187497,7.3
2017Q4,"Statewide Total",1497,283708,424711378,100.0,324135,485230227,100.0
2017YR,Anchorage,2425,330493,801446158,48.4,375424,910404364,48.8
2017YR,Matanuska-Susitna,1119,258399,289148419,17.4,286155,320207234,17.2
2017YR,"Fairbanks North Star",671,231100,155068350,9.4,252961,169737011,9.1
2017YR,"Kenai Peninsula",629,237477,149373232,9.0,270377,170067384,9.1
2017YR,Juneau,219,351249,76923597,4.6,394909,86485018,4.6
2017YR,"Ketchikan Gateway",71,263731,18724893,1.1,299389,21256600,1.1
2017YR,"Kodiak Island",82,278072,22801875,1.4,315329,25856965,1.4
2017YR,Bethel,11,298875,3287630,.2,320591,3526500,.2
2017YR,"Rest of State",536,261893,140374631,8.5,292112,156572156,8.4
2017YR,"Statewide Total",5763,287550,1657148785,100.0,323462,1864113232,100.0
2016Q1,Anchorage,516,341205,176062025,48.2,381800,197008644,48.7
2016Q1,Matanuska-Susitna,265,263054,69709407,19.1,288038,76330013,18.9
2016Q1,"Fairbanks North Star",118,229128,27037097,7.4,252840,29835118,7.4
2016Q1,"Kenai Peninsula",150,237784,35667632,9.8,264626,39693930,9.8
2016Q1,Juneau,54,335000,18090025,5.0,363398,19623518,4.9
2016Q1,"Ketchikan Gateway",15,253914,3808711,1.0,270133,4052000,1.0
2016Q1,"Kodiak Island",23,232848,5355500,1.5,255922,5886200,1.5
2016Q1,Bethel,3,242513,727538,.2,261667,785000,.2
2016Q1,"Rest of State",114,250771,28587858,7.8,273729,31205069,7.7
2016Q1,"Statewide Total",1258,290179,365045793,100.0,321478,404419492,100.0
2016Q2,Anchorage,687,342940,235600091,44.8,388216,266704720,45.5
2016Q2,Matanuska-Susitna,350,274697,96143775,18.3,295447,103406608,17.7
2016Q2,"Fairbanks North Star",231,241090,55691693,10.6,271246,62657751,10.7
2016Q2,"Kenai Peninsula",206,242135,49879873,9.5,268789,55370579,9.5
2016Q2,Juneau,66,332758,21962059,4.2,374932,24745500,4.2
2016Q2,"Ketchikan Gateway",18,321971,5795482,1.1,375111,6751999,1.2
2016Q2,"Kodiak Island",33,286121,9441989,1.8,299117,9870875,1.7
2016Q2,Bethel,3,164467,493400,.1,196667,590000,.1
2016Q2,"Rest of State",192,265586,50992525,9.7,289642,55611195,9.5
2016Q2,"Statewide Total",1786,294513,526000887,100.0,327945,585709227,100.0
2016Q3,Anchorage,777,343530,266922456,47.3,380288,295483470,47.6
2016Q3,Matanuska-Susitna,392,250036,98014305,17.4,269462,105629193,17.0
2016Q3,"Fairbanks North Star",242,234800,56821587,10.1,253506,61348469,9.9
2016Q3,"Kenai Peninsula",200,246161,49232268,8.7,280086,56017146,9.0
2016Q3,Juneau,97,340583,33036572,5.9,377635,36630599,5.9
2016Q3,"Ketchikan Gateway",15,276537,4148061,.7,338600,5079000,.8
2016Q3,"Kodiak Island",39,308731,12040525,2.1,327311,12765120,2.1
2016Q3,Bethel,1,316000,316000,.1,395000,395000,.1
2016Q3,"Rest of State",172,255176,43890190,7.8,277824,47785691,7.7
2016Q3,"Statewide Total",1935,291691,564421964,100.0,320999,621133688,100.0
2016Q4,Anchorage,652,337517,220060989,49.7,385038,251044848,50.4
2016Q4,Matanuska-Susitna,292,254630,74351833,16.8,282590,82516303,16.6
2016Q4,"Fairbanks North Star",167,228715,38195354,8.6,248265,41460291,8.3
2016Q4,"Kenai Peninsula",175,232590,40703302,9.2,262150,45876200,9.2
2016Q4,Juneau,62,330270,20476763,4.6,372262,23080250,4.6
2016Q4,"Ketchikan Gateway",14,269421,3771893,.9,294839,4127750,.8
2016Q4,"Kodiak Island",19,298138,5664622,1.3,319206,6064923,1.2
2016Q4,Bethel,5,190374,951872,.2,220400,1102000,.2
2016Q4,"Rest of State",147,264312,38853927,8.8,290893,42761289,8.6
2016Q4,"Statewide Total",1533,288996,443030555,100.0,324875,498033854,100.0
2016YR,Anchorage,2632,341431,898645561,47.3,383830,1010241682,47.9
2016YR,Matanuska-Susitna,1299,260369,338219320,17.8,283204,367882117,17.4
2016YR,"Fairbanks North Star",758,234493,177745731,9.4,257654,195301629,9.3
2016YR,"Kenai Peninsula",731,240059,175483075,9.2,269436,196957855,9.3
2016YR,Juneau,279,335360,93565419,4.9,373046,104079867,4.9
2016YR,"Ketchikan Gateway",62,282648,17524147,.9,322754,20010749,.9
2016YR,"Kodiak Island",114,285111,32502636,1.7,303396,34587118,1.6
2016YR,Bethel,12,207401,2488810,.1,239333,2872000,.1
2016YR,"Rest of State",625,259719,162324500,8.6,283781,177363244,8.4
2016YR,"Statewide Total",6512,291539,1898499199,100.0,323909,2109296261,100.0
2015Q1,Anchorage,621,322512,200280228,52.0,361983,224791382,52.6
2015Q1,Matanuska-Susitna,279,255055,71160480,18.5,275262,76798038,18.0
2015Q1,"Fairbanks North Star",130,216375,28128775,7.3,232339,30204040,7.1
2015Q1,"Kenai Peninsula",147,226205,33252094,8.6,260510,38294912,9.0
2015Q1,Juneau,67,317631,21281271,5.5,349759,23433825,5.5
2015Q1,"Ketchikan Gateway",15,260333,3904991,1.0,284200,4263000,1.0
2015Q1,"Kodiak Island",18,272455,4904191,1.3,284722,5125000,1.2
2015Q1,Bethel,0,,0,.0,,0,.0
2015Q1,"Rest of State",90,243231,21890776,5.7,268652,24178639,5.7
2015Q1,"Statewide Total",1367,281494,384802806,100.0,312428,427088836,100.0
2015Q2,Anchorage,890,333214,296560901,50.0,376751,335308610,50.7
2015Q2,Matanuska-Susitna,411,253813,104317100,17.6,275208,113110600,17.1
2015Q2,"Fairbanks North Star",218,219450,47840019,8.1,243632,53111745,8.0
2015Q2,"Kenai Peninsula",193,234975,45350182,7.7,270026,52115113,7.9
2015Q2,Juneau,96,329801,31660928,5.3,357616,34331111,5.2
2015Q2,"Ketchikan Gateway",15,221875,3328130,.6,252093,3781400,.6
2015Q2,"Kodiak Island",44,328467,14452567,2.4,346489,15245500,2.3
2015Q2,Bethel,16,246539,3944624,.7,271688,4347000,.7
2015Q2,"Rest of State",175,258441,45227261,7.6,284894,49856372,7.5
2015Q2,"Statewide Total",2058,287989,592681712,100.0,321286,661207451,100.0
2015Q3,Anchorage,888,334724,297234487,47.8,377538,335253499,48.8
2015Q3,Matanuska-Susitna,460,253215,116478972,18.7,274808,126411893,18.4
2015Q3,"Fairbanks North Star",244,245608,59928393,9.6,266964,65139115,9.5
2015Q3,"Kenai Peninsula",235,224359,52724451,8.5,246441,57913537,8.4
2015Q3,Juneau,81,344648,27916502,4.5,380368,30809830,4.5
2015Q3,"Ketchikan Gateway",13,292065,3796848,.6,325038,4225500,.6
2015Q3,"Kodiak Island",36,285923,10293241,1.7,300583,10821000,1.6
2015Q3,Bethel,2,260825,521649,.1,312500,625000,.1
2015Q3,"Rest of State",203,260638,52909603,8.5,275334,55892756,8.1
2015Q3,"Statewide Total",2162,287606,621804146,100.0,317804,687092130,100.0
2015Q4,Anchorage,733,325063,238270834,49.0,365545,267944316,49.5
2015Q4,Matanuska-Susitna,363,248689,90273958,18.6,270604,98229382,18.2
2015Q4,"Fairbanks North Star",168,225540,37890727,7.8,243166,40851916,7.5
2015Q4,"Kenai Peninsula",193,219159,42297682,8.7,251484,48536464,9.0
2015Q4,Juneau,60,339223,20353400,4.2,372009,22320558,4.1
2015Q4,"Ketchikan Gateway",13,229264,2980432,.6,269915,3508900,.6
2015Q4,"Kodiak Island",28,279668,7830705,1.6,300111,8403111,1.6
2015Q4,Bethel,0,,0,.0,,0,.0
2015Q4,"Rest of State",195,237312,46275856,9.5,263253,51334276,9.5
2015Q4,"Statewide Total",1753,277338,486173594,100.0,308687,541128923,100.0
2015YR,Anchorage,3132,329613,1032346450,49.5,371423,1163297807,50.2
2015YR,Matanuska-Susitna,1513,252631,382230510,18.3,273992,414549913,17.9
2015YR,"Fairbanks North Star",760,228668,173787914,8.3,249088,189306816,8.2
2015YR,"Kenai Peninsula",768,226073,173624409,8.3,256328,196860026,8.5
2015YR,Juneau,304,332935,101212101,4.9,364787,110895324,4.8
2015YR,"Ketchikan Gateway",56,250186,14010401,.7,281764,15778800,.7
2015YR,"Kodiak Island",126,297466,37480704,1.8,314243,39594611,1.7
2015YR,Bethel,18,248126,4466273,.2,276222,4972000,.2
2015YR,"Rest of State",663,250835,166303496,8.0,273397,181262043,7.8
2015YR,"Statewide Total",7340,284123,2085462258,100.0,315602,2316517340,100.0
2014Q1,Anchorage,631,308424,194615559,53.9,350777,221340595,54.0
2014Q1,Matanuska-Susitna,271,219855,59580590,16.5,245428,66511118,16.2
2014Q1,"Fairbanks North Star",134,211865,28389941,7.9,238913,32014322,7.8
2014Q1,"Kenai Peninsula",136,196826,26768305,7.4,228033,31012542,7.6
2014Q1,Juneau,59,295623,17441759,4.8,338644,19979975,4.9
2014Q1,"Ketchikan Gateway",19,259762,4935478,1.4,292212,5552028,1.4
2014Q1,"Kodiak Island",18,253016,4554291,1.3,292000,5256000,1.3
2014Q1,Bethel,10,311601,3116013,.9,338100,3381000,.8
2014Q1,"Rest of State",103,210715,21703648,6.0,239790,24698420,6.0
2014Q1,"Statewide Total",1381,261481,361105584,100.0,296702,409746000,100.0
2014Q2,Anchorage,938,326110,305891267,53.5,368269,345436358,54.2
2014Q2,Matanuska-Susitna,391,235988,92271335,16.1,252149,98590084,15.5
2014Q2,"Fairbanks North Star",260,232182,60367240,10.6,255156,66340633,10.4
2014Q2,"Kenai Peninsula",209,221391,46270736,8.1,249851,52218877,8.2
2014Q2,Juneau,80,320156,25612514,4.5,363396,29071701,4.6
2014Q2,"Ketchikan Gateway",21,249822,5246252,.9,290583,6102240,1.0
2014Q2,"Kodiak Island",32,265297,8489496,1.5,310406,9933000,1.6
2014Q2,Bethel,5,183137,915684,.2,194200,971000,.2
2014Q2,"Rest of State",112,235428,26367926,4.6,259806,29098239,4.6
2014Q2,"Statewide Total",2048,279020,571432450,100.0,311407,637762132,100.0
2014Q3,Anchorage,1103,319168,352042481,52.0,364112,401615912,52.8
2014Q3,Matanuska-Susitna,511,242465,123899500,18.3,265330,135583626,17.8
2014Q3,"Fairbanks North Star",313,225327,70527216,10.4,242542,75915758,10.0
2014Q3,"Kenai Peninsula",241,223603,53888248,8.0,255296,61526432,8.1
2014Q3,Juneau,111,309635,34369499,5.1,352277,39102800,5.1
2014Q3,"Ketchikan Gateway",19,248913,4729344,.7,263723,5010737,.7
2014Q3,"Kodiak Island",46,269060,12376744,1.8,292174,13440000,1.8
2014Q3,Bethel,12,272217,3266599,.5,294250,3531000,.5
2014Q3,"Rest of State",102,217267,22161233,3.3,247475,25242499,3.3
2014Q3,"Statewide Total",2458,275533,677260864,100.0,309589,760968764,100.0
2014Q4,Anchorage,799,316792,253117089,50.2,356092,284517901,50.6
2014Q4,Matanuska-Susitna,383,237089,90805110,18.0,256162,98109950,17.5
2014Q4,"Fairbanks North Star",198,220850,43728317,8.7,242670,48048705,8.6
2014Q4,"Kenai Peninsula",228,219292,49998648,9.9,246743,56257446,10.0
2014Q4,Juneau,87,312708,27205602,5.4,352602,30676363,5.5
2014Q4,"Ketchikan Gateway",17,234819,3991924,.8,259515,4411750,.8
2014Q4,"Kodiak Island",46,260249,11971472,2.4,281222,12936195,2.3
2014Q4,Bethel,7,231530,1620709,.3,240286,1682000,.3
2014Q4,"Rest of State",93,234615,21819162,4.3,270728,25177684,4.5
2014Q4,"Statewide Total",1858,271398,504258033,100.0,302378,561817994,100.0
2014YR,Anchorage,3471,318544,1105666396,52.3,360965,1252910766,52.9
2014YR,Matanuska-Susitna,1556,235576,366556535,17.3,256295,398794778,16.8
2014YR,"Fairbanks North Star",905,224323,203012714,9.6,245657,222319418,9.4
2014YR,"Kenai Peninsula",814,217354,176925937,8.4,246948,201015297,8.5
2014YR,Juneau,337,310473,104629374,4.9,352614,118830839,5.0
2014YR,"Ketchikan Gateway",76,248724,18902998,.9,277326,21076755,.9
2014YR,"Kodiak Island",142,263324,37392003,1.8,292713,41565195,1.8
2014YR,Bethel,34,262324,8919005,.4,281324,9565000,.4
2014YR,"Rest of State",410,224517,92051969,4.4,254187,104216842,4.4
2014YR,"Statewide Total",7745,272958,2114056931,100.0,306042,2370294890,100.0
2013Q1,Anchorage,654,298980,195533232,55.6,331989,217120899,55.5
2013Q1,Matanuska-Susitna,245,230984,56591136,16.1,254284,62299466,15.9
2013Q1,"Fairbanks North Star",145,213260,30922764,8.8,239090,34668115,8.9
2013Q1,"Kenai Peninsula",120,207142,24857036,7.1,232665,27919752,7.1
2013Q1,Juneau,68,298057,20267881,5.8,322172,21907700,5.6
2013Q1,"Ketchikan Gateway",11,241510,2656615,.8,263000,2893000,.7
2013Q1,"Kodiak Island",20,285745,5714907,1.6,320874,6417473,1.6
2013Q1,Bethel,4,268668,1074670,.3,289500,1158000,.3
2013Q1,"Rest of State",66,217695,14367849,4.1,252522,16666483,4.3
2013Q1,"Statewide Total",1333,264056,351986090,100.0,293362,391050888,100.0
2013Q2,Anchorage,1000,311556,311555600,56.0,346534,346533767,56.5
2013Q2,Matanuska-Susitna,362,233024,84354567,15.2,249328,90256773,14.7
2013Q2,"Fairbanks North Star",223,230865,51482907,9.2,252852,56385971,9.2
2013Q2,"Kenai Peninsula",177,214317,37934107,6.8,239469,42386064,6.9
2013Q2,Juneau,109,317250,34580264,6.2,350681,38224208,6.2
2013Q2,"Ketchikan Gateway",22,314675,6922859,1.2,357000,7854000,1.3
2013Q2,"Kodiak Island",29,278587,8079021,1.5,300552,8716000,1.4
2013Q2,Bethel,8,240577,1924614,.3,270625,2165000,.4
2013Q2,"Rest of State",90,219431,19748813,3.5,235693,21212325,3.5
2013Q2,"Statewide Total",2020,275536,556582752,100.0,303829,613734108,100.0
2013Q3,Anchorage,1235,318268,393060462,55.8,360033,444641152,56.5
2013Q3,Matanuska-Susitna,440,240309,105735780,15.0,259397,114134860,14.5
2013Q3,"Fairbanks North Star",303,234077,70925422,10.1,253341,76762224,9.7
2013Q3,"Kenai Peninsula",229,203402,46579113,6.6,236374,54129697,6.9
2013Q3,Juneau,129,316442,40821068,5.8,357397,46104178,5.9
2013Q3,"Ketchikan Gateway",22,271021,5962465,.8,300227,6605000,.8
2013Q3,"Kodiak Island",44,270274,11892039,1.7,285875,12578500,1.6
2013Q3,Bethel,10,193512,1935124,.3,226000,2260000,.3
2013Q3,"Rest of State",127,214615,27256140,3.9,237803,30200954,3.8
2013Q3,"Statewide Total",2539,277341,704167613,100.0,310129,787416565,100.0
2013Q4,Anchorage,1051,304863,320411212,56.6,343540,361060191,56.9
2013Q4,Matanuska-Susitna,422,240478,101481833,17.9,260953,110122361,17.4
2013Q4,"Fairbanks North Star",227,217291,49325055,8.7,241069,54722572,8.6
2013Q4,"Kenai Peninsula",173,210478,36412673,6.4,242764,41998209,6.6
2013Q4,Juneau,81,301814,24446958,4.3,357023,28918900,4.6
2013Q4,"Ketchikan Gateway",14,283094,3963318,.7,338602,4740432,.7
2013Q4,"Kodiak Island",23,294044,6763020,1.2,323717,7445500,1.2
2013Q4,Bethel,11,202061,2222675,.4,228291,2511198,.4
2013Q4,"Rest of State",99,209851,20775277,3.7,233986,23164631,3.6
2013Q4,"Statewide Total",2101,269301,565802021,100.0,302087,634683994,100.0
2013YR,Anchorage,3940,309787,1220560506,56.0,347552,1369356009,56.4
2013YR,Matanuska-Susitna,1469,237007,348163316,16.0,256510,376813460,15.5
2013YR,"Fairbanks North Star",898,225675,202656148,9.3,247816,222538882,9.2
2013YR,"Kenai Peninsula",699,208559,145782929,6.7,238103,166433722,6.9
2013YR,Juneau,387,310378,120116171,5.5,349238,135154986,5.6
2013YR,"Ketchikan Gateway",69,282685,19505257,.9,320180,22092432,.9
2013YR,"Kodiak Island",116,279733,32448987,1.5,303082,35157473,1.4
2013YR,Bethel,33,216881,7157083,.3,245279,8094198,.3
2013YR,"Rest of State",382,215047,82148079,3.8,238860,91244393,3.8
2013YR,"Statewide Total",7993,272556,2178538476,100.0,303626,2426885555,100.0
2012Q1,Anchorage,569,279249,158892765,54.7,317456,180632520,55.5
2012Q1,Matanuska-Susitna,209,218701,45708429,15.7,238793,49907774,15.3
2012Q1,"Fairbanks North Star",157,217865,34204765,11.8,231177,36294724,11.1
2012Q1,"Kenai Peninsula",112,194884,21827006,7.5,223755,25060551,7.7
2012Q1,Juneau,40,257678,10307124,3.6,285950,11437980,3.5
2012Q1,"Ketchikan Gateway",16,226404,3622465,1.2,241509,3864150,1.2
2012Q1,"Kodiak Island",10,288895,2888954,1.0,400000,4000000,1.2
2012Q1,Bethel,3,231000,693000,.2,231667,695000,.2
2012Q1,"Rest of State",59,205329,12114395,4.2,232582,13722320,4.2
2012Q1,"Statewide Total",1175,247029,290258903,100.0,277119,325615019,100.0
2012Q2,Anchorage,808,310628,250987138,51.9,344409,278282749,52.1
2012Q2,Matanuska-Susitna,317,224275,71095236,14.7,252319,79985154,15.0
2012Q2,"Fairbanks North Star",276,225610,62268393,12.9,232718,64230139,12.0
2012Q2,"Kenai Peninsula",173,219032,37892585,7.8,257246,44503575,8.3
2012Q2,Juneau,82,321342,26350019,5.5,353570,28992775,5.4
2012Q2,"Ketchikan Gateway",22,282425,6213356,1.3,312409,6873000,1.3
2012Q2,"Kodiak Island",34,287915,9789104,2.0,308128,10476350,2.0
2012Q2,Bethel,6,295822,1774934,.4,325000,1950000,.4
2012Q2,"Rest of State",78,214891,16761487,3.5,242431,18909629,3.5
2012Q2,"Statewide Total",1796,269005,483132252,100.0,297441,534203371,100.0
2012Q3,Anchorage,1045,307941,321797853,55.3,343774,359243844,55.4
2012Q3,Matanuska-Susitna,374,223801,83701714,14.4,244507,91445583,14.1
2012Q3,"Fairbanks North Star",301,228452,68763944,11.8,244492,73592087,11.4
2012Q3,"Kenai Peninsula",177,219511,38853469,6.7,254907,45118620,7.0
2012Q3,Juneau,95,318140,30223270,5.2,360674,34264000,5.3
2012Q3,"Ketchikan Gateway",22,246653,5426356,.9,275114,6052500,.9
2012Q3,"Kodiak Island",22,285558,6282272,1.1,307532,6765700,1.0
2012Q3,Bethel,10,243913,2439131,.4,267400,2674000,.4
2012Q3,"Rest of State",113,218788,24723078,4.2,258065,29161345,4.5
2012Q3,"Statewide Total",2159,269667,582211087,100.0,300286,648317679,100.0
2012Q4,Anchorage,982,309904,304326022,55.0,345603,339381826,55.2
2012Q4,Matanuska-Susitna,389,230689,89738023,16.2,255475,99379873,16.2
2012Q4,"Fairbanks North Star",262,221996,58163064,10.5,239035,62627227,10.2
2012Q4,"Kenai Peninsula",177,206010,36463695,6.6,231057,40897131,6.6
2012Q4,Juneau,94,312001,29328128,5.3,339326,31896662,5.2
2012Q4,"Ketchikan Gateway",19,236165,4487133,.8,284618,5407750,.9
2012Q4,"Kodiak Island",28,232941,6522343,1.2,293839,8227501,1.3
2012Q4,Bethel,5,289412,1447058,.3,308000,1540000,.3
2012Q4,"Rest of State",102,224960,22945958,4.1,253194,25825815,4.2
2012Q4,"Statewide Total",2058,268912,553421424,100.0,298923,615183785,100.0
2012YR,Anchorage,3404,304349,1036003778,54.3,340053,1157540939,54.5
2012YR,Matanuska-Susitna,1289,225169,290243402,15.2,248812,320718384,15.1
2012YR,"Fairbanks North Star",996,224297,223400166,11.7,237695,236744177,11.1
2012YR,"Kenai Peninsula",639,211325,135036755,7.1,243474,155579877,7.3
2012YR,Juneau,311,309352,96208541,5.0,342738,106591417,5.0
2012YR,"Ketchikan Gateway",79,249991,19749310,1.0,280980,22197400,1.0
2012YR,"Kodiak Island",94,271092,25482673,1.3,313506,29469551,1.4
2012YR,Bethel,24,264755,6354123,.3,285792,6859000,.3
2012YR,"Rest of State",352,217457,76544918,4.0,248918,87619109,4.1
2012YR,"Statewide Total",7188,265585,1909023666,100.0,295398,2123319854,100.0
2011Q1,Anchorage,542,290229,157304147,51.7,330725,179253154,52.6
2011Q1,Matanuska-Susitna,241,218293,52608595,17.3,234723,56568315,16.6
2011Q1,"Fairbanks North Star",183,220254,40306467,13.3,233939,42810784,12.6
2011Q1,"Kenai Peninsula",106,193105,20469124,6.7,221343,23462365,6.9
2011Q1,Juneau,47,286208,13451761,4.4,336521,15816499,4.6
2011Q1,"Ketchikan Gateway",7,271500,1900503,.6,291914,2043400,.6
2011Q1,"Kodiak Island",25,270192,6754812,2.2,300379,7509472,2.2
2011Q1,Bethel,3,245437,736310,.2,244000,732000,.2
2011Q1,"Rest of State",57,184902,10539421,3.5,223496,12739288,3.7
2011Q1,"Statewide Total",1211,251091,304071140,100.0,281532,340935277,100.0
2011Q2,Anchorage,766,292459,224023792,52.5,329999,252779523,53.2
2011Q2,Matanuska-Susitna,328,220799,72421925,17.0,231637,75976781,16.0
2011Q2,"Fairbanks North Star",203,227060,46093257,10.8,242806,49289671,10.4
2011Q2,"Kenai Peninsula",177,200425,35475211,8.3,226397,40072340,8.4
2011Q2,Juneau,83,286537,23782542,5.6,329951,27385894,5.8
2011Q2,"Ketchikan Gateway",15,257990,3869849,.9,334467,5017000,1.1
2011Q2,"Kodiak Island",30,280017,8400498,2.0,312947,9388400,2.0
2011Q2,Bethel,10,214922,2149216,.5,235691,2356909,.5
2011Q2,"Rest of State",51,210308,10725711,2.5,252774,12891492,2.7
2011Q2,"Statewide Total",1663,256730,426942001,100.0,285723,475158010,100.0
2011Q3,Anchorage,830,292014,242371699,51.3,328842,272938622,52.0
2011Q3,Matanuska-Susitna,356,215685,76783795,16.3,236873,84326877,16.1
2011Q3,"Fairbanks North Star",287,217161,62325099,13.2,232283,66665093,12.7
2011Q3,"Kenai Peninsula",174,205081,35684060,7.6,231557,40290998,7.7
2011Q3,Juneau,92,299589,27562189,5.8,320470,29483216,5.6
2011Q3,"Ketchikan Gateway",12,253808,3045694,.6,267250,3207000,.6
2011Q3,"Kodiak Island",28,234575,6568110,1.4,276290,7736120,1.5
2011Q3,Bethel,4,212082,848329,.2,246500,986000,.2
2011Q3,"Rest of State",81,211515,17132735,3.6,233839,18940979,3.6
2011Q3,"Statewide Total",1864,253391,472321710,100.0,281424,524574905,100.0
2011Q4,Anchorage,740,303825,224830659,54.0,325900,241165952,54.2
2011Q4,Matanuska-Susitna,317,218154,69154728,16.6,228063,72295872,16.2
2011Q4,"Fairbanks North Star",202,219024,44242900,10.6,231393,46741395,10.5
2011Q4,"Kenai Peninsula",135,206240,27842361,6.7,221111,29850003,6.7
2011Q4,Juneau,74,280558,20761317,5.0,301911,22341415,5.0
2011Q4,"Ketchikan Gateway",13,232508,3022601,.7,245387,3190028,.7
2011Q4,"Kodiak Island",28,241696,6767475,1.6,280134,7843762,1.8
2011Q4,Bethel,9,227921,2051288,.5,235722,2121500,.5
2011Q4,"Rest of State",81,216412,17529384,4.2,239741,19419005,4.4
2011Q4,"Statewide Total",1599,260289,416202713,100.0,278280,444968932,100.0
2011YR,Anchorage,2878,294833,848530297,52.4,328748,946137251,53.0
2011YR,Matanuska-Susitna,1242,218172,270969043,16.7,232824,289167845,16.2
2011YR,"Fairbanks North Star",875,220535,192967723,11.9,234865,205506943,11.5
2011YR,"Kenai Peninsula",592,201809,119470756,7.4,225804,133675706,7.5
2011YR,Juneau,296,289047,85557809,5.3,321037,95027024,5.3
2011YR,"Ketchikan Gateway",47,251886,11838647,.7,286328,13457428,.8
2011YR,"Kodiak Island",111,256675,28490895,1.8,292592,32477754,1.8
2011YR,Bethel,26,222506,5785143,.4,238323,6196409,.3
2011YR,"Rest of State",270,207138,55927251,3.5,237003,63990764,3.6
2011YR,"Statewide Total",6337,255568,1619537564,100.0,281780,1785637124,100.0
2010Q1,Anchorage,615,277852,170878904,49.1,318896,196120801,49.7
2010Q1,Matanuska-Susitna,309,217888,67327331,19.3,239572,74027599,18.7
2010Q1,"Fairbanks North Star",170,217311,36942920,10.6,233564,39705827,10.1
2010Q1,"Kenai Peninsula",162,196403,31817206,9.1,233130,37767121,9.6
2010Q1,Juneau,76,273274,20768823,6.0,313516,23827200,6.0
2010Q1,"Ketchikan Gateway",11,282221,3104431,.9,308545,3394000,.9
2010Q1,"Kodiak Island",26,282976,7357386,2.1,303577,7893000,2.0
2010Q1,Bethel,0,,0,.0,,0,.0
2010Q1,"Rest of State",52,192560,10013130,2.9,234981,12219000,3.1
2010Q1,"Statewide Total",1421,245046,348210131,100.0,277941,394954548,100.0
2010Q2,Anchorage,994,290354,288612303,53.8,331777,329786023,54.5
2010Q2,Matanuska-Susitna,434,219641,95324051,17.8,239317,103863469,17.2
2010Q2,"Fairbanks North Star",293,214216,62765245,11.7,234490,68705498,11.4
2010Q2,"Kenai Peninsula",180,188584,33945097,6.3,220422,39675882,6.6
2010Q2,Juneau,95,266997,25364718,4.7,301911,28681530,4.7
2010Q2,"Ketchikan Gateway",17,231064,3928089,.7,273524,4649900,.8
2010Q2,"Kodiak Island",27,232464,6276533,1.2,261694,7065729,1.2
2010Q2,Bethel,3,211433,634299,.1,243333,730000,.1
2010Q2,"Rest of State",84,229977,19318074,3.6,259387,21788466,3.6
2010Q2,"Statewide Total",2127,252077,536168409,100.0,284413,604946497,100.0
2010Q3,Anchorage,885,287057,254045287,50.0,327975,290257580,51.0
2010Q3,Matanuska-Susitna,373,218141,81366692,16.0,237465,88574274,15.6
2010Q3,"Fairbanks North Star",377,218563,82398202,16.2,237454,89520191,15.7
2010Q3,"Kenai Peninsula",175,198317,34705489,6.8,225975,39545622,6.9
2010Q3,Juneau,78,268228,20921792,4.1,299083,23328473,4.1
2010Q3,"Ketchikan Gateway",19,235996,4483931,.9,289389,5498400,1.0
2010Q3,"Kodiak Island",32,277600,8883200,1.7,325132,10404213,1.8
2010Q3,Bethel,14,200980,2813724,.6,218000,3052000,.5
2010Q3,"Rest of State",89,202260,18001173,3.5,215765,19203106,3.4
2010Q3,"Statewide Total",2042,248589,507619490,100.0,278836,569383859,100.0
2010Q4,Anchorage,823,291481,239889207,52.7,329665,271314082,53.4
2010Q4,Matanuska-Susitna,344,226108,77781082,17.1,244520,84114990,16.5
2010Q4,"Fairbanks North Star",276,220847,60953800,13.4,235886,65104591,12.8
2010Q4,"Kenai Peninsula",141,200026,28203635,6.2,240350,33889301,6.7
2010Q4,Juneau,71,272934,19378327,4.3,306833,21785124,4.3
2010Q4,"Ketchikan Gateway",11,239532,2634853,.6,252764,2780400,.5
2010Q4,"Kodiak Island",33,273823,9036165,2.0,300886,9929222,2.0
2010Q4,Bethel,6,223691,1342148,.3,230500,1383000,.3
2010Q4,"Rest of State",74,211998,15687883,3.4,245067,18134974,3.6
2010Q4,"Statewide Total",1779,255709,454907100,100.0,285799,508435684,100.0
2010YR,Anchorage,3317,287436,953425701,51.6,327850,1087478486,52.3
2010YR,Matanuska-Susitna,1460,220410,321799156,17.4,240124,350580332,16.9
2010YR,"Fairbanks North Star",1116,217796,243060167,13.2,235695,263036107,12.7
2010YR,"Kenai Peninsula",658,195549,128671427,7.0,229298,150877926,7.3
2010YR,Juneau,320,270105,86433660,4.7,305070,97622327,4.7
2010YR,"Ketchikan Gateway",58,243988,14151304,.8,281426,16322700,.8
2010YR,"Kodiak Island",118,267401,31553284,1.7,299086,35292164,1.7
2010YR,Bethel,23,208268,4790171,.3,224565,5165000,.2
2010YR,"Rest of State",299,210770,63020260,3.4,238614,71345546,3.4
2010YR,"Statewide Total",7369,250632,1846905130,100.0,281954,2077720588,100.0
2009Q1,Anchorage,589,273966,161365952,55.6,309054,182032946,55.4
2009Q1,Matanuska-Susitna,247,210298,51943514,17.9,233940,57783279,17.6
2009Q1,"Fairbanks North Star",131,211338,27685327,9.5,237064,31055427,9.5
2009Q1,"Kenai Peninsula",121,180343,21821547,7.5,216381,26182072,8.0
2009Q1,Juneau,44,266825,11740307,4.0,304334,13390700,4.1
2009Q1,"Ketchikan Gateway",11,216296,2379259,.8,306455,3371000,1.0
2009Q1,"Kodiak Island",15,227509,3412642,1.2,281930,4228947,1.3
2009Q1,Bethel,7,207344,1451407,.5,232143,1625000,.5
2009Q1,"Rest of State",41,200741,8230380,2.8,216256,8866500,2.7
2009Q1,"Statewide Total",1206,240489,290030335,100.0,272418,328535871,100.0
2009Q2,Anchorage,824,279656,230436416,52.6,321254,264713012,53.2
2009Q2,Matanuska-Susitna,336,213271,71658895,16.4,236772,79555418,16.0
2009Q2,"Fairbanks North Star",255,211362,53897186,12.3,228073,58158676,11.7
2009Q2,"Kenai Peninsula",175,190707,33373772,7.6,225471,39457500,7.9
2009Q2,Juneau,87,251353,21867677,5.0,292832,25476420,5.1
2009Q2,"Ketchikan Gateway",11,212446,2336903,.5,242455,2667000,.5
2009Q2,"Kodiak Island",49,252529,12373933,2.8,290684,14243500,2.9
2009Q2,Bethel,4,231456,925822,.2,245000,980000,.2
2009Q2,"Rest of State",54,209800,11329188,2.6,236824,12788478,2.6
2009Q2,"Statewide Total",1795,244122,438199792,100.0,277460,498040004,100.0
2009Q3,Anchorage,1208,285164,344478186,58.1,322013,388991562,58.4
2009Q3,Matanuska-Susitna,399,208477,83182132,14.0,227373,90721987,13.6
2009Q3,"Fairbanks North Star",344,209458,72053593,12.2,228665,78660759,11.8
2009Q3,"Kenai Peninsula",184,192649,35447499,6.0,226716,41715774,6.3
2009Q3,Juneau,103,260567,26838441,4.5,296892,30579875,4.6
2009Q3,"Ketchikan Gateway",14,219457,3072395,.5,250286,3504000,.5
2009Q3,"Kodiak Island",47,228421,10735780,1.8,251204,11806588,1.8
2009Q3,Bethel,6,211038,1266229,.2,222167,1333000,.2
2009Q3,"Rest of State",83,187745,15582794,2.6,222575,18473741,2.8
2009Q3,"Statewide Total",2388,248181,592657049,100.0,278805,665787286,100.0
2009Q4,Anchorage,957,275546,263697705,53.6,316937,303308712,54.6
2009Q4,Matanuska-Susitna,419,210791,88321519,17.9,230858,96729368,17.4
2009Q4,"Fairbanks North Star",318,210689,66999035,13.6,228618,72700531,13.1
2009Q4,"Kenai Peninsula",156,188645,29428574,6.0,212052,33080050,6.0
2009Q4,Juneau,79,249199,19686740,4.0,287089,22680000,4.1
2009Q4,"Ketchikan Gateway",13,189156,2459026,.5,226734,2947543,.5
2009Q4,"Kodiak Island",23,245861,5654813,1.1,268810,6182632,1.1
2009Q4,Bethel,8,248867,1990936,.4,269000,2152000,.4
2009Q4,"Rest of State",69,200867,13859822,2.8,231211,15953567,2.9
2009Q4,"Statewide Total",2042,240988,492098170,100.0,272152,555734403,100.0
2009YR,Anchorage,3578,279480,999978259,55.2,318347,1139046232,55.6
2009YR,Matanuska-Susitna,1401,210640,295106060,16.3,231827,324790052,15.9
2009YR,"Fairbanks North Star",1048,210530,220635141,12.2,229557,240575393,11.7
2009YR,"Kenai Peninsula",636,188791,120071392,6.6,220810,140435396,6.9
2009YR,Juneau,313,256017,80133165,4.4,294335,92126995,4.5
2009YR,"Ketchikan Gateway",49,209134,10247583,.6,254889,12489543,.6
2009YR,"Kodiak Island",134,240128,32177168,1.8,272102,36461667,1.8
2009YR,Bethel,25,225376,5634394,.3,243600,6090000,.3
2009YR,"Rest of State",247,198389,49002184,2.7,227054,56082286,2.7
2009YR,"Statewide Total",7431,243976,1812985346,100.0,275615,2048097564,100.0
